path,sha256,firstCommit,category,action,packaging,rationale,sourceEvidence
.gitignore,9facc6f88e2a6349cffd7e12b8a346bf05a219335a18632bd5046779bf7a8119,ee589e1a6dafe1f850f1d23a1b093258b30173b0,local-candidate,review-and-adapt,source/build,Local history; absence of an archive match is not proof of independent authorship.,
BOSS-WIKI-AUDIT.md,8d902329909338958513da6a480de46852d7eb472b5ce25e18e5c476f70b9536,4b80d5cd5e0d875b7cefa554bd9192f5d8961627,local-candidate,review-and-adapt,source/build,Local history; absence of an archive match is not proof of independent authorship.,
COVERAGE.md,51368ff14a1de41575a0b31fbbb4a1c813816f256c99fb9066eb84bbe5a8cd84,ee589e1a6dafe1f850f1d23a1b093258b30173b0,local-candidate,review-and-adapt,source/build,Local history; absence of an archive match is not proof of independent authorship.,
LICENSE,3972dc9744f6499f0f9b2dbf76696f2ae7ad8af9b23dde66d6af86c9dfb36986,ee589e1a6dafe1f850f1d23a1b093258b30173b0,license-text,retain-until-migration,source/build,Current aggregate GPL license; do not replace while covered material remains.,https://github.com/weirdgloop/osrs-dps-calc/blob/89c3e25/LICENSE [exact SHA-256]
NOTICE.md,73e3157c97d763950f095f9c948c1164a5dec47ce621183c7de534999e06fc9b,ee589e1a6dafe1f850f1d23a1b093258b30173b0,attribution,preserve-and-update,source/build,Required provenance/third-party notices; duplicate runtime copies must remain consistent.,
PARITY.md,ead7bdf1d2cf14edbb11a5c4063365a447ea52002ea26fc7deb0cb296c8ac2b5,97a12813a7ae84a440a1c1280a2c85260684a27c,local-candidate,review-and-adapt,source/build,Local history; absence of an archive match is not proof of independent authorship.,
README.md,16e9f23200b8553e2303454cff2167b790cdddf08351628ac8f61693c62c046c,ee589e1a6dafe1f850f1d23a1b093258b30173b0,local-candidate,review-and-adapt,source/build,Local history; absence of an archive match is not proof of independent authorship.,
RELEASE-REVIEW.md,84b5dcbfe31e3dca8ef87b72272b2474103ab14e26873685b14538a7faec5bbd,d5da692ecfb032aa46502c194bbd257584c07e70,local-candidate,review-and-adapt,source/build,Local history; absence of an archive match is not proof of independent authorship.,
REQUIREMENTS.md,848a5be3699a742e8dbe10fa8db05d387ad6bf22a8f89f7f0f68f4d1ad6b0b34,ee589e1a6dafe1f850f1d23a1b093258b30173b0,local-candidate,review-and-adapt,source/build,Local history; absence of an archive match is not proof of independent authorship.,
build.gradle,05fbd7539e905ab8706e6ad9f08a36fa9927d7b2b383b94a2bf8d079ac095b82,ee589e1a6dafe1f850f1d23a1b093258b30173b0,local-candidate,review-and-adapt,source/build,Local history; absence of an archive match is not proof of independent authorship.,
gradle/wrapper/gradle-wrapper.jar,2db75c40782f5e8ba1fc278a5574bab070adccb2d21ca5a6e5ed840888448046,ee589e1a6dafe1f850f1d23a1b093258b30173b0,build-tool,retain-with-notices,source/build,"Wrapper from pinned RuneLite example-plugin (TEMPLATE-SOURCE.md); Gradle Apache-2.0 tooling, not plugin runtime code.",https://github.com/Jiimbones/wiki-gear-setups/blob/e836b8d156f0f5f9b7e6375bb04c52f21835ac19/gradle/wrapper/gradle-wrapper.jar [exact SHA-256]
gradle/wrapper/gradle-wrapper.properties,d3f1d448862ab6f5203253efb2e787dc77df35d9dddb68a5d717c0abd7a9ea54,ee589e1a6dafe1f850f1d23a1b093258b30173b0,build-tool,retain-with-notices,source/build,"Wrapper from pinned RuneLite example-plugin (TEMPLATE-SOURCE.md); Gradle Apache-2.0 tooling, not plugin runtime code.",https://github.com/Jiimbones/wiki-gear-setups/blob/e836b8d156f0f5f9b7e6375bb04c52f21835ac19/gradle/wrapper/gradle-wrapper.properties [exact SHA-256]
gradlew,a3648413b47ef77af21d5ebc36c687c7d103aaef3e17f33de7d4f080a6f300a3,ee589e1a6dafe1f850f1d23a1b093258b30173b0,build-tool,retain-with-notices,source/build,"Wrapper from pinned RuneLite example-plugin (TEMPLATE-SOURCE.md); Gradle Apache-2.0 tooling, not plugin runtime code.",https://github.com/Jiimbones/wiki-gear-setups/blob/e836b8d156f0f5f9b7e6375bb04c52f21835ac19/gradlew [exact SHA-256]
gradlew.bat,2209f919a22528af59a2af2ad97e8d056cca18e39f7d87aa3fd549a73b180150,ee589e1a6dafe1f850f1d23a1b093258b30173b0,build-tool,retain-with-notices,source/build,"Wrapper from pinned RuneLite example-plugin (TEMPLATE-SOURCE.md); Gradle Apache-2.0 tooling, not plugin runtime code.",
icon.png,b0f799018b4fb34349fad18ee8d6c42d497dcc56708432c9dac611b3184fc4ae,d5da692ecfb032aa46502c194bbd257584c07e70,asset-review,replace-or-source-via-client,source/build,Image from attributed native/Wiki archives or undocumented export; underlying game artwork may have separate rights.,https://github.com/mcdalcin/better-dps-calculator/blob/3fd61bb/icon.png [exact SHA-256] ; https://github.com/mcdalcin/better-dps-calculator/blob/3fd61bb/src/main/resources/com/dpscalc/icon.png [exact SHA-256]
runelite-plugin.properties,48d820d6aef3b4af560242495ff1f10a791e18c805ae698d3858e8703d1c8cf0,ee589e1a6dafe1f850f1d23a1b093258b30173b0,local-candidate,review-and-adapt,source/build,Local history; absence of an archive match is not proof of independent authorship.,
settings.gradle,058e687e84474b2648b9c21aea5ec42e55b27c5c221c54d822a45c25c744d490,ee589e1a6dafe1f850f1d23a1b093258b30173b0,local-candidate,review-and-adapt,source/build,Local history; absence of an archive match is not proof of independent authorship.,
src/main/java/com/dpscalc/DpsCalcConfig.java,c71b9f34f12fb1ccfec0d18961212f3f890f6798064639d5379d9b12dbfde937,ee589e1a6dafe1f850f1d23a1b093258b30173b0,gpl-source,replace,runtime,Native GPL source match/path or substantial token signal; local edits do not establish relicensing rights.,https://github.com/mcdalcin/better-dps-calculator/blob/3fd61bb/src/main/java/com/dpscalc/DpsCalcConfig.java [same filename]
src/main/java/com/dpscalc/DpsCalcOverlay.java,3aa8c087afcd9ad0050cbf97424a7e3e5da9d5db4891ff3b318d558ca5a0c888,ee589e1a6dafe1f850f1d23a1b093258b30173b0,gpl-source,replace,runtime,Native GPL source match/path or substantial token signal; local edits do not establish relicensing rights.,https://github.com/mcdalcin/better-dps-calculator/blob/3fd61bb/src/main/java/com/dpscalc/DpsCalcOverlay.java [same filename]
src/main/java/com/dpscalc/DpsCalcPlugin.java,fe7d03e652cb93b3ae037f43147c21c0611222651e5e7165be5d02d8cc4f285a,ee589e1a6dafe1f850f1d23a1b093258b30173b0,gpl-source,replace,runtime,Native GPL source match/path or substantial token signal; local edits do not establish relicensing rights.,https://github.com/mcdalcin/better-dps-calculator/blob/3fd61bb/src/main/java/com/dpscalc/DpsCalcPlugin.java [same filename]
src/main/java/com/dpscalc/DpsComparison.java,73d3d427c280db4599228b16f2402b19a95b43ec8a16f9fc74bb350be2bc4242,ee589e1a6dafe1f850f1d23a1b093258b30173b0,gpl-source,replace,runtime,Native GPL source match/path or substantial token signal; local edits do not establish relicensing rights.,https://github.com/mcdalcin/better-dps-calculator/blob/3fd61bb/src/main/java/com/dpscalc/DpsComparison.java [same filename]
src/main/java/com/dpscalc/DpsDiagnosticsFormatter.java,8ed7eda66f6ba90a41d2dc9f8dd7638b8bfa5ab9864f146d822c8847ec56919e,ee589e1a6dafe1f850f1d23a1b093258b30173b0,gpl-source,replace,runtime,Native GPL source match/path or substantial token signal; local edits do not establish relicensing rights.,https://github.com/mcdalcin/better-dps-calculator/blob/3fd61bb/src/main/java/com/dpscalc/DpsDiagnosticsFormatter.java [exact SHA-256]
src/main/java/com/dpscalc/LiveMonsterContextProvider.java,009e606ede6a93efb74756a27f39e2bd1623753e57f5f9a9847637f3b25b14cd,ee589e1a6dafe1f850f1d23a1b093258b30173b0,gpl-source,replace,runtime,Native GPL source match/path or substantial token signal; local edits do not establish relicensing rights.,https://github.com/mcdalcin/better-dps-calculator/blob/3fd61bb/src/main/java/com/dpscalc/LiveMonsterContextProvider.java [exact SHA-256]
src/main/java/com/dpscalc/calc/BaseCalc.java,b4f88d7649352f0f821506af904c0bfa603ebc61646295766cfb71294fd2377b,ee589e1a6dafe1f850f1d23a1b093258b30173b0,gpl-source,replace,runtime,Native GPL source match/path or substantial token signal; local edits do not establish relicensing rights.,https://github.com/mcdalcin/better-dps-calculator/blob/3fd61bb/src/main/java/com/dpscalc/calc/BaseCalc.java [same filename]
src/main/java/com/dpscalc/calc/DpsCalculator.java,c5d22e71ed32b3d221cd78a70c8ac7f341a0ba5444e2dceaeedc76f21f1fa073,ee589e1a6dafe1f850f1d23a1b093258b30173b0,gpl-source,replace,runtime,Native GPL source match/path or substantial token signal; local edits do not establish relicensing rights.,https://github.com/mcdalcin/better-dps-calculator/blob/3fd61bb/src/main/java/com/dpscalc/calc/DpsCalculator.java [same filename]
src/main/java/com/dpscalc/calc/DpsResult.java,c49b7c6296269490336dd9eb33f92321717312b185504e201ae786c652b5859e,ee589e1a6dafe1f850f1d23a1b093258b30173b0,gpl-source,replace,runtime,Native GPL source match/path or substantial token signal; local edits do not establish relicensing rights.,https://github.com/mcdalcin/better-dps-calculator/blob/3fd61bb/src/main/java/com/dpscalc/calc/DpsResult.java [same filename]
src/main/java/com/dpscalc/calc/SyncVersion.java,0c5cae7cc0b0e99f5c5ff925510dbbe82e5f04049cd193188caeda5f790c33f1,ee589e1a6dafe1f850f1d23a1b093258b30173b0,gpl-source,replace,runtime,Native GPL source match/path or substantial token signal; local edits do not establish relicensing rights.,https://github.com/mcdalcin/better-dps-calculator/blob/3fd61bb/src/main/java/com/dpscalc/calc/SyncVersion.java [same filename]
src/main/java/com/dpscalc/calc/distribution/AttackDistribution.java,30f9aaab1bdaf87a78cef736867bc6e7b3999d432b3c41758b953c08fa85a2c9,ee589e1a6dafe1f850f1d23a1b093258b30173b0,gpl-source,replace,runtime,Native GPL source match/path or substantial token signal; local edits do not establish relicensing rights.,https://github.com/mcdalcin/better-dps-calculator/blob/3fd61bb/src/main/java/com/dpscalc/calc/distribution/AttackDistribution.java [exact SHA-256]
src/main/java/com/dpscalc/calc/distribution/HitDistribution.java,207e9267a4732af723ec4aad302dd4c9cb8ae353b617c96cc6d3a2eed74634f4,ee589e1a6dafe1f850f1d23a1b093258b30173b0,gpl-source,replace,runtime,Native GPL source match/path or substantial token signal; local edits do not establish relicensing rights.,https://github.com/mcdalcin/better-dps-calculator/blob/3fd61bb/src/main/java/com/dpscalc/calc/distribution/HitDistribution.java [exact SHA-256]
src/main/java/com/dpscalc/calc/distribution/Hitsplat.java,fcefc5bd484129b70f8d874d13afdefb4f3c2727a94ffa463e59b2a573e6a090,ee589e1a6dafe1f850f1d23a1b093258b30173b0,gpl-source,replace,runtime,Native GPL source match/path or substantial token signal; local edits do not establish relicensing rights.,https://github.com/mcdalcin/better-dps-calculator/blob/3fd61bb/src/main/java/com/dpscalc/calc/distribution/Hitsplat.java [exact SHA-256]
src/main/java/com/dpscalc/calc/distribution/WeightedHit.java,4e4a2e5b28723cd2ba6801f0b01a75c18e7f9bd4ff147cbf117560777d4e2e86,ee589e1a6dafe1f850f1d23a1b093258b30173b0,gpl-source,replace,runtime,Native GPL source match/path or substantial token signal; local edits do not establish relicensing rights.,https://github.com/mcdalcin/better-dps-calculator/blob/3fd61bb/src/main/java/com/dpscalc/calc/distribution/WeightedHit.java [exact SHA-256]
src/main/java/com/dpscalc/combat/CombatTracker.java,7b1f75a64cf69629931ac583633c40d76b4ec3f24cb8601d324a89eb93638014,ee589e1a6dafe1f850f1d23a1b093258b30173b0,gpl-source,replace,runtime,Native GPL source match/path or substantial token signal; local edits do not establish relicensing rights.,https://github.com/mcdalcin/better-dps-calculator/blob/3fd61bb/src/main/java/com/dpscalc/combat/CombatTracker.java [same filename]
src/main/java/com/dpscalc/data/MonsterAttribute.java,3742518b2137685a784f71fda2f206878fcda3dfe9460b9ae3c59c8a3e756175,ee589e1a6dafe1f850f1d23a1b093258b30173b0,gpl-source,replace,runtime,Native GPL source match/path or substantial token signal; local edits do not establish relicensing rights.,https://github.com/mcdalcin/better-dps-calculator/blob/3fd61bb/src/main/java/com/dpscalc/data/MonsterAttribute.java [exact SHA-256]
src/main/java/com/dpscalc/data/MonsterCatalog.java,367ede8c0c5cc4e261fd0912ac4eac879bdff7a158e22b9aa457c4ce5d446e1e,ee589e1a6dafe1f850f1d23a1b093258b30173b0,gpl-source,replace,runtime,Native GPL source match/path or substantial token signal; local edits do not establish relicensing rights.,https://github.com/mcdalcin/better-dps-calculator/blob/3fd61bb/src/main/java/com/dpscalc/data/MonsterCatalog.java [exact SHA-256]
src/main/java/com/dpscalc/data/MonsterConstants.java,8adfa600688e24e73259d4909c238852142ad22887c0c33c4755a6f489cc6000,ee589e1a6dafe1f850f1d23a1b093258b30173b0,gpl-source,replace,runtime,Native GPL source match/path or substantial token signal; local edits do not establish relicensing rights.,https://github.com/mcdalcin/better-dps-calculator/blob/3fd61bb/src/main/java/com/dpscalc/data/MonsterConstants.java [exact SHA-256]
src/main/java/com/dpscalc/data/MonsterDataManager.java,116c8729e1c0f5bbbfb9bb56a3c2186cf08c30433d617583a706ae850108f040,ee589e1a6dafe1f850f1d23a1b093258b30173b0,gpl-source,replace,runtime,Native GPL source match/path or substantial token signal; local edits do not establish relicensing rights.,https://github.com/mcdalcin/better-dps-calculator/blob/3fd61bb/src/main/java/com/dpscalc/data/MonsterDataManager.java [same filename]
src/main/java/com/dpscalc/data/MonsterDataProvenance.java,d17df2fd595c972c16ab01eed98d097b07bc0080ab0164e6b5cfe7dce6488c01,ee589e1a6dafe1f850f1d23a1b093258b30173b0,gpl-source,replace,runtime,Native GPL source match/path or substantial token signal; local edits do not establish relicensing rights.,https://github.com/mcdalcin/better-dps-calculator/blob/3fd61bb/src/main/java/com/dpscalc/data/MonsterDataProvenance.java [exact SHA-256]
src/main/java/com/dpscalc/data/MonsterInputs.java,8ece4285f43ac1c3a11eacd8ed04b959d1794b08da6f1149b518afa75ed5b874,ee589e1a6dafe1f850f1d23a1b093258b30173b0,gpl-source,replace,runtime,Native GPL source match/path or substantial token signal; local edits do not establish relicensing rights.,https://github.com/mcdalcin/better-dps-calculator/blob/3fd61bb/src/main/java/com/dpscalc/data/MonsterInputs.java [same filename]
src/main/java/com/dpscalc/data/MonsterScaling.java,24e8d8d663e030ac1cbd4f4a73a94e213d95258522428422f604d5b119f63585,ee589e1a6dafe1f850f1d23a1b093258b30173b0,gpl-source,replace,runtime,Native GPL source match/path or substantial token signal; local edits do not establish relicensing rights.,https://github.com/mcdalcin/better-dps-calculator/blob/3fd61bb/src/main/java/com/dpscalc/data/MonsterScaling.java [exact SHA-256]
src/main/java/com/dpscalc/data/MonsterStats.java,b153cd1bc1d2aaefe4ac5672e19730218a689c5f6733f4f66c9a757a7fdd0d25,ee589e1a6dafe1f850f1d23a1b093258b30173b0,gpl-source,replace,runtime,Native GPL source match/path or substantial token signal; local edits do not establish relicensing rights.,https://github.com/mcdalcin/better-dps-calculator/blob/3fd61bb/src/main/java/com/dpscalc/data/MonsterStats.java [same filename]
src/main/java/com/dpscalc/data/WeaknessElement.java,caf5fe4b6e5354ad150ca8d3a7c2dff886445b1e8e04c0632fa03dda09af0bb9,ee589e1a6dafe1f850f1d23a1b093258b30173b0,gpl-source,replace,runtime,Native GPL source match/path or substantial token signal; local edits do not establish relicensing rights.,https://github.com/mcdalcin/better-dps-calculator/blob/3fd61bb/src/main/java/com/dpscalc/data/WeaknessElement.java [exact SHA-256]
src/main/java/com/dpscalc/equipment/AmmoApplicability.java,653d92bdc8d972e815e0e47cbbe6e76387a0d3b82596283ca18a0c8431dc5679,ee589e1a6dafe1f850f1d23a1b093258b30173b0,gpl-source,replace,runtime,Native GPL source match/path or substantial token signal; local edits do not establish relicensing rights.,https://github.com/mcdalcin/better-dps-calculator/blob/3fd61bb/src/main/java/com/dpscalc/equipment/AmmoApplicability.java [exact SHA-256]
src/main/java/com/dpscalc/equipment/AmmoApplicabilityResult.java,5a56bfcc230e736c3945c78e6ea01e45eaa2e6677bdfad287d6542753e952091,ee589e1a6dafe1f850f1d23a1b093258b30173b0,gpl-source,replace,runtime,Native GPL source match/path or substantial token signal; local edits do not establish relicensing rights.,https://github.com/mcdalcin/better-dps-calculator/blob/3fd61bb/src/main/java/com/dpscalc/equipment/AmmoApplicabilityResult.java [exact SHA-256]
src/main/java/com/dpscalc/equipment/EquipmentAttackSpeedCalculator.java,e1aa932a04ab548ddb5da3dded9084c31c9991501b02a87fe9d43a924ddf3f25,ee589e1a6dafe1f850f1d23a1b093258b30173b0,gpl-source,replace,runtime,Native GPL source match/path or substantial token signal; local edits do not establish relicensing rights.,https://github.com/mcdalcin/better-dps-calculator/blob/3fd61bb/src/main/java/com/dpscalc/equipment/EquipmentAttackSpeedCalculator.java [same filename]
src/main/java/com/dpscalc/equipment/EquipmentCalculator.java,5e7b9fa5d8f0336fb806ef918b0c44a6209e5a0c8a9daf3f58c92db71c50fe00,ee589e1a6dafe1f850f1d23a1b093258b30173b0,gpl-source,replace,runtime,Native GPL source match/path or substantial token signal; local edits do not establish relicensing rights.,https://github.com/mcdalcin/better-dps-calculator/blob/3fd61bb/src/main/java/com/dpscalc/equipment/EquipmentCalculator.java [exact SHA-256]
src/main/java/com/dpscalc/equipment/EquipmentCatalogItem.java,49a2112f6618da486397271d5ed7a3046658d6694ac3a736bc7e993cf18d4aa9,ee589e1a6dafe1f850f1d23a1b093258b30173b0,gpl-source,replace,runtime,Native GPL source match/path or substantial token signal; local edits do not establish relicensing rights.,https://github.com/mcdalcin/better-dps-calculator/blob/3fd61bb/src/main/java/com/dpscalc/equipment/EquipmentCatalogItem.java [same filename]
src/main/java/com/dpscalc/equipment/EquipmentCombatStyle.java,9a1648d7ead0b1d445bcf08e4fe9a58115e2b5576e3bde2f6505062bee3c8da9,ee589e1a6dafe1f850f1d23a1b093258b30173b0,gpl-source,replace,runtime,Native GPL source match/path or substantial token signal; local edits do not establish relicensing rights.,https://github.com/mcdalcin/better-dps-calculator/blob/3fd61bb/src/main/java/com/dpscalc/equipment/EquipmentCombatStyle.java [exact SHA-256]
src/main/java/com/dpscalc/equipment/EquipmentContext.java,8945172b0b5cd3d63003303bbcc313a5c82cc1eedad3e144e7adc704505fdc3c,ee589e1a6dafe1f850f1d23a1b093258b30173b0,gpl-source,replace,runtime,Native GPL source match/path or substantial token signal; local edits do not establish relicensing rights.,https://github.com/mcdalcin/better-dps-calculator/blob/3fd61bb/src/main/java/com/dpscalc/equipment/EquipmentContext.java [exact SHA-256]
src/main/java/com/dpscalc/equipment/EquipmentDomainCatalog.java,d743d2e64058c992524596b9580b45a0dfaaff0ed0fb72596764e20bb5c1c350,ee589e1a6dafe1f850f1d23a1b093258b30173b0,gpl-source,replace,runtime,Native GPL source match/path or substantial token signal; local edits do not establish relicensing rights.,https://github.com/mcdalcin/better-dps-calculator/blob/3fd61bb/src/main/java/com/dpscalc/equipment/EquipmentDomainCatalog.java [same filename]
src/main/java/com/dpscalc/equipment/EquipmentDomainException.java,67b27022e9b91d033d190a44c4a44ff5ef06b58a25c486211a5b6fabc636c050,ee589e1a6dafe1f850f1d23a1b093258b30173b0,gpl-source,replace,runtime,Native GPL source match/path or substantial token signal; local edits do not establish relicensing rights.,https://github.com/mcdalcin/better-dps-calculator/blob/3fd61bb/src/main/java/com/dpscalc/equipment/EquipmentDomainException.java [exact SHA-256]
src/main/java/com/dpscalc/equipment/EquipmentItem.java,6bb494465cfc9f68238fab6fed2dfc1ba2ba9dace447d7ac132e156a93b30ae1,ee589e1a6dafe1f850f1d23a1b093258b30173b0,gpl-source,replace,runtime,Native GPL source match/path or substantial token signal; local edits do not establish relicensing rights.,https://github.com/mcdalcin/better-dps-calculator/blob/3fd61bb/src/main/java/com/dpscalc/equipment/EquipmentItem.java [exact SHA-256]
src/main/java/com/dpscalc/equipment/EquipmentItemIdentity.java,362ce154c6591dcae39c5ad07c632bc16f08c4e1ebb75d8d9960e086aa61d9b5,ee589e1a6dafe1f850f1d23a1b093258b30173b0,gpl-source,replace,runtime,Native GPL source match/path or substantial token signal; local edits do not establish relicensing rights.,https://github.com/mcdalcin/better-dps-calculator/blob/3fd61bb/src/main/java/com/dpscalc/equipment/EquipmentItemIdentity.java [same filename]
src/main/java/com/dpscalc/equipment/EquipmentLoadout.java,6e2e5e5a725d2f724cb9f160b93844367df10a0d48b278812bd6566ecc0d6b98,ee589e1a6dafe1f850f1d23a1b093258b30173b0,gpl-source,replace,runtime,Native GPL source match/path or substantial token signal; local edits do not establish relicensing rights.,https://github.com/mcdalcin/better-dps-calculator/blob/3fd61bb/src/main/java/com/dpscalc/equipment/EquipmentLoadout.java [exact SHA-256]
src/main/java/com/dpscalc/equipment/EquipmentPreparationFacade.java,f264fa724abf8dffa4ab313a237aed6ec454e5ddf904715041ffc096f5327a99,ee589e1a6dafe1f850f1d23a1b093258b30173b0,gpl-source,replace,runtime,Native GPL source match/path or substantial token signal; local edits do not establish relicensing rights.,https://github.com/mcdalcin/better-dps-calculator/blob/3fd61bb/src/main/java/com/dpscalc/equipment/EquipmentPreparationFacade.java [same filename]
src/main/java/com/dpscalc/equipment/EquipmentResult.java,b6c2f7e25e204b24b3e159aa4c9c9dcb4ce385bf10b601cbf1b806c7774908a8,ee589e1a6dafe1f850f1d23a1b093258b30173b0,gpl-source,replace,runtime,Native GPL source match/path or substantial token signal; local edits do not establish relicensing rights.,https://github.com/mcdalcin/better-dps-calculator/blob/3fd61bb/src/main/java/com/dpscalc/equipment/EquipmentResult.java [exact SHA-256]
src/main/java/com/dpscalc/equipment/EquipmentSlot.java,0f573da3441949a1b53912af3a0d7998e44b01061d09c1519beddb915c195076,ee589e1a6dafe1f850f1d23a1b093258b30173b0,gpl-source,replace,runtime,Native GPL source match/path or substantial token signal; local edits do not establish relicensing rights.,https://github.com/mcdalcin/better-dps-calculator/blob/3fd61bb/src/main/java/com/dpscalc/equipment/EquipmentSlot.java [exact SHA-256] ; https://github.com/mcdalcin/better-dps-calculator/blob/3fd61bb/src/main/java/com/dpscalc/state/EquipmentSlot.java [same filename]
src/main/java/com/dpscalc/equipment/EquipmentStatTotals.java,add19f84d3b77c943cfbd4dded7a047e33fbac5a27699aad6ed339dbb006d298,ee589e1a6dafe1f850f1d23a1b093258b30173b0,gpl-source,replace,runtime,Native GPL source match/path or substantial token signal; local edits do not establish relicensing rights.,https://github.com/mcdalcin/better-dps-calculator/blob/3fd61bb/src/main/java/com/dpscalc/equipment/EquipmentStatTotals.java [exact SHA-256]
src/main/java/com/dpscalc/equipment/ItemVariable.java,d1d18e4db39fbb0e5442239e6585baac5765e2ab8f55701fe50e901441b662bb,ee589e1a6dafe1f850f1d23a1b093258b30173b0,gpl-source,replace,runtime,Native GPL source match/path or substantial token signal; local edits do not establish relicensing rights.,https://github.com/mcdalcin/better-dps-calculator/blob/3fd61bb/src/main/java/com/dpscalc/equipment/ItemVariable.java [exact SHA-256]
src/main/java/com/dpscalc/parity/ComparisonResult.java,9714dc92d0a6b9d4a80b48b56b70b648b0cfc61f4297328a592d62ad1052fe08,ee589e1a6dafe1f850f1d23a1b093258b30173b0,gpl-source,replace,runtime,Native GPL source match/path or substantial token signal; local edits do not establish relicensing rights.,https://github.com/mcdalcin/better-dps-calculator/blob/3fd61bb/src/main/java/com/dpscalc/parity/ComparisonResult.java [exact SHA-256]
src/main/java/com/dpscalc/parity/ParityComparator.java,a286f937d30f265046216c0bda68875e606658eb06e320e067bd60e1cc1f8b5b,ee589e1a6dafe1f850f1d23a1b093258b30173b0,gpl-source,replace,runtime,Native GPL source match/path or substantial token signal; local edits do not establish relicensing rights.,https://github.com/mcdalcin/better-dps-calculator/blob/3fd61bb/src/main/java/com/dpscalc/parity/ParityComparator.java [exact SHA-256]
src/main/java/com/dpscalc/parity/ParityOutput.java,d951aa02d9486c2d0c38914d657cd144c5b1882a3571d874e53035cbae2becc6,ee589e1a6dafe1f850f1d23a1b093258b30173b0,gpl-source,replace,runtime,Native GPL source match/path or substantial token signal; local edits do not establish relicensing rights.,https://github.com/mcdalcin/better-dps-calculator/blob/3fd61bb/src/main/java/com/dpscalc/parity/ParityOutput.java [exact SHA-256]
src/main/java/com/dpscalc/scenario/BankCapture.java,2f26988c38b569bc5dfe6348165b320ea40555c69f94f8d5c38b6fb28ed83a99,10e45ea216379e6ea852be7726fa0d3f44caf2ac,local-candidate,review-and-adapt,runtime,Local history; absence of an archive match is not proof of independent authorship.,
src/main/java/com/dpscalc/scenario/BankLayoutPanel.java,1777a91ffaa74ecb2c2cc66941654c2e90e553ef328749fa03ee5f0ec82b2e49,41aee86f8324969b1563c4e7795fb201e5c77ffe,local-candidate,review-and-adapt,runtime,Local history; absence of an archive match is not proof of independent authorship.,
src/main/java/com/dpscalc/scenario/BankLayoutPlan.java,36af801ab69de04b64ae941c3ef573d2d8f952a17c61968fe20dba602b33f656,948742cd0026792e3150ed76f7b1ff20707a07ff,local-candidate,review-and-adapt,runtime,Local history; absence of an archive match is not proof of independent authorship.,
src/main/java/com/dpscalc/scenario/BankLayoutService.java,152625190548446a631fb6e740182d3df50654005011f4ccb80ad8213959b0af,948742cd0026792e3150ed76f7b1ff20707a07ff,local-candidate,review-and-adapt,runtime,Local history; absence of an archive match is not proof of independent authorship.,
src/main/java/com/dpscalc/scenario/BankLayoutWriter.java,5a6b49085a77d667156eb9e47da7eb1deaa58585395c5045f047d025ab881212,948742cd0026792e3150ed76f7b1ff20707a07ff,local-candidate,review-and-adapt,runtime,Local history; absence of an archive match is not proof of independent authorship.,
src/main/java/com/dpscalc/scenario/BankOptimizer.java,8c34cea2d1644261259b0422b730d676c11f7b2739d867a1414eebf076177e58,10e45ea216379e6ea852be7726fa0d3f44caf2ac,local-candidate,review-and-adapt,runtime,Local history; absence of an archive match is not proof of independent authorship.,
src/main/java/com/dpscalc/scenario/BankOptimizerPanel.java,71a22d0a3901375225d39b2b7b9890aff469dcc8fbf027ededd6103d37b17b0b,10e45ea216379e6ea852be7726fa0d3f44caf2ac,local-candidate,review-and-adapt,runtime,Local history; absence of an archive match is not proof of independent authorship.,
src/main/java/com/dpscalc/scenario/CalculationCoordinator.java,15c532c18bc9e22c3b9db313670c8e9513aad13fcae18cea775f414248b65ed5,97a12813a7ae84a440a1c1280a2c85260684a27c,local-candidate,review-and-adapt,runtime,Local history; absence of an archive match is not proof of independent authorship.,
src/main/java/com/dpscalc/scenario/CalculationInputs.java,1510c385b1588c0b61853e325b55371fce030b2c0d0be08a75dc9cea026fb990,97a12813a7ae84a440a1c1280a2c85260684a27c,local-candidate,review-and-adapt,runtime,Local history; absence of an archive match is not proof of independent authorship.,
src/main/java/com/dpscalc/scenario/CalculatorWorkspace.java,44787fc16ce8fcee208e084c2fa67c27baa8babcfb478a91bc7e7ba054a7a00b,adffe26ea95559551bf0b3a63bd38ae44adbbe07,local-candidate,review-and-adapt,runtime,Local history; absence of an archive match is not proof of independent authorship.,
src/main/java/com/dpscalc/scenario/CarryPlan.java,ad24105272cd8f472dfcde035ef63e2b303f3ac034d438c5fb3019ee43054368,948742cd0026792e3150ed76f7b1ff20707a07ff,local-candidate,review-and-adapt,runtime,Local history; absence of an archive match is not proof of independent authorship.,
src/main/java/com/dpscalc/scenario/CarryPlanPanel.java,4d4d25ef2a88cd9be9122968475462e784b6f7f39a1f6a6caa4a830d390c2fff,948742cd0026792e3150ed76f7b1ff20707a07ff,local-candidate,review-and-adapt,runtime,Local history; absence of an archive match is not proof of independent authorship.,
src/main/java/com/dpscalc/scenario/ComparisonTable.java,448d217216c658bf30207a4b650c021bfe67896f5b571d5412395050f0a4bbef,1c60510de26ec7ed238da2f1df14a699fbb8f4df,local-candidate,review-and-adapt,runtime,Local history; absence of an archive match is not proof of independent authorship.,
src/main/java/com/dpscalc/scenario/CoverageWarnings.java,220e6c0e409e981d355a1b5bfe49cc41c9d58f01e357fe3f39a705cc615bf0a4,ee589e1a6dafe1f850f1d23a1b093258b30173b0,local-candidate,review-and-adapt,runtime,Local history; absence of an archive match is not proof of independent authorship.,
src/main/java/com/dpscalc/scenario/DistributionAnalysis.java,74af3f0819e5d2604b49b2502ef1441d5805053aecf3dfb381b6fcd5aeddf689,ee589e1a6dafe1f850f1d23a1b093258b30173b0,local-candidate,review-and-adapt,runtime,Local history; absence of an archive match is not proof of independent authorship.,
src/main/java/com/dpscalc/scenario/Encounter.java,fd51692116b53e96c1d22eb45e910ff2c415f3bb7c12d35e6b8de5bc59ab353e,c0b98dd2098b5aa2901d5a04d0f22da90d7be3d5,local-candidate,review-and-adapt,runtime,Local history; absence of an archive match is not proof of independent authorship.,
src/main/java/com/dpscalc/scenario/EncounterPanel.java,0b6e0e40f9941291b1bf4129348f5c3d8628b4565f59d066473321fc08e24e31,c0b98dd2098b5aa2901d5a04d0f22da90d7be3d5,local-candidate,review-and-adapt,runtime,Local history; absence of an archive match is not proof of independent authorship.,
src/main/java/com/dpscalc/scenario/FieldEditor.java,e2eed2bb78a8712924dbc49acac911436af62ac13298ac60d24fc4126452fc53,ee589e1a6dafe1f850f1d23a1b093258b30173b0,local-candidate,review-and-adapt,runtime,Local history; absence of an archive match is not proof of independent authorship.,
src/main/java/com/dpscalc/scenario/InventoryPreview.java,2b26ab8d1d2652a2e589461ecdc5e350685ebae53d3832f7c2c27ce685d714ac,06d45a5f2a52cd101fbf9c98d50ec1e21eb36ea8,local-candidate,review-and-adapt,runtime,Local history; absence of an archive match is not proof of independent authorship.,
src/main/java/com/dpscalc/scenario/LoadoutLibrary.java,861e9e7ab756a44841dfbc0bd1f4231e916d487f05e4e1dd51692960b9e94090,dacc1f88ac4867e071fa40ece955951edd41d47b,local-candidate,review-and-adapt,runtime,Local history; absence of an archive match is not proof of independent authorship.,
src/main/java/com/dpscalc/scenario/LoadoutPreview.java,20a49bbdbfea135533dac5ce7dd54cc60429614109831f3bb151d3f98e3963e2,bb0fdbd4dc90a73647f40b866994ef8bcd254f85,local-candidate,review-and-adapt,runtime,Local history; absence of an archive match is not proof of independent authorship.,
src/main/java/com/dpscalc/scenario/LoadoutTabs.java,f3917c87c706a72d473bb40b69b9d4e78bbf7eb019f113d25f3cdb9b7f2ed202,c432641da6391b89586aeff53f8dd0cf85b05c04,local-candidate,review-and-adapt,runtime,Local history; absence of an archive match is not proof of independent authorship.,
src/main/java/com/dpscalc/scenario/OptimizerSpell.java,8890689c25f636027d804c3280154f8ca2971bd1436f15d3f0fef7d0d02fd429,6a95c247b80573be54d0a771926417d55ffb41ca,local-candidate,review-and-adapt,runtime,Local history; absence of an archive match is not proof of independent authorship.,
src/main/java/com/dpscalc/scenario/OwnedEquipment.java,749a54737479f119119159555732e32852bd4840fa0cf14b6d56bb10a6b9c56b,10e45ea216379e6ea852be7726fa0d3f44caf2ac,local-candidate,review-and-adapt,runtime,Local history; absence of an archive match is not proof of independent authorship.,
src/main/java/com/dpscalc/scenario/PlotPanel.java,26eb734ef94d20b4d67b1a752d6842e346e9a544b7736f2ad990e9fe72c35b28,ee589e1a6dafe1f850f1d23a1b093258b30173b0,local-candidate,review-and-adapt,runtime,Local history; absence of an archive match is not proof of independent authorship.,
src/main/java/com/dpscalc/scenario/PotionSelection.java,0a817864738e93a71c94f9c40084e2a3cda63359862d4dd1f3bb6b3012b197aa,675ba7a9b382758d74d20993885999f2fb14eb5e,local-candidate,review-and-adapt,runtime,Local history; absence of an archive match is not proof of independent authorship.,
src/main/java/com/dpscalc/scenario/Scenario.java,09103ea972686b36ed794a06fa616ed4ded79efeddebe00a20c646d8207be4b0,ee589e1a6dafe1f850f1d23a1b093258b30173b0,local-candidate,review-and-adapt,runtime,Local history; absence of an archive match is not proof of independent authorship.,
src/main/java/com/dpscalc/scenario/ScenarioCalculator.java,f8b1200a26f2d9d357915e008330008e2a90eca2f075470404e5964e50b393f0,ee589e1a6dafe1f850f1d23a1b093258b30173b0,local-candidate,review-and-adapt,runtime,Local history; absence of an archive match is not proof of independent authorship.,
src/main/java/com/dpscalc/scenario/ScenarioPanel.java,03bb25060d3ac411ad7ab52c05bf71db9d4e37a00a19533a8007dcde86182c79,ee589e1a6dafe1f850f1d23a1b093258b30173b0,local-candidate,review-and-adapt,runtime,Local history; absence of an archive match is not proof of independent authorship.,
src/main/java/com/dpscalc/scenario/ScenarioStorage.java,f8f1bdca551c5d77eafd67636afbd71c047c958c73c685e29809af6394904fce,ee589e1a6dafe1f850f1d23a1b093258b30173b0,local-candidate,review-and-adapt,runtime,Local history; absence of an archive match is not proof of independent authorship.,
src/main/java/com/dpscalc/scenario/SetupItemIndex.java,74922c14db84e4b9206b4cee99d37781c9b81ff9dbe36f52c7fa40e366110070,948742cd0026792e3150ed76f7b1ff20707a07ff,local-candidate,review-and-adapt,runtime,Local history; absence of an archive match is not proof of independent authorship.,
src/main/java/com/dpscalc/scenario/SidebarScrolling.java,947f918fa2f7189ec6562868e8cf315da295d68bcab2c3c27d539e3fddf9a0c8,48255540019bb2d95ad94f798fc9c3fc9d26d170,local-candidate,review-and-adapt,runtime,Local history; absence of an archive match is not proof of independent authorship.,
src/main/java/com/dpscalc/scenario/VariantRequirements.java,34ed3b576c32df5c541bc1641c7cb30ceba4b773b93319891de6582b19fe2b7c,948742cd0026792e3150ed76f7b1ff20707a07ff,local-candidate,review-and-adapt,runtime,Local history; absence of an archive match is not proof of independent authorship.,
src/main/java/com/dpscalc/scenario/WeaponStyles.java,9b04d30694a424e0ec08e79b90cf0896f537d47911167a2e9c98906b4cf7d40a,675ba7a9b382758d74d20993885999f2fb14eb5e,local-candidate,review-and-adapt,runtime,Local history; absence of an archive match is not proof of independent authorship.,
src/main/java/com/dpscalc/scenario/WikiLoadouts.java,3c77104943cd466c9621087d0ff42f40bc4383581f983d4d7c7e537f0791599a,948742cd0026792e3150ed76f7b1ff20707a07ff,local-candidate,review-and-adapt,runtime,Local history; absence of an archive match is not proof of independent authorship.,
src/main/java/com/dpscalc/scenario/WikiSetupService.java,eeb749989fa43cd863fd127137fb1f87536a17e1a73a1933c1776ae10fc3d018,948742cd0026792e3150ed76f7b1ff20707a07ff,local-candidate,review-and-adapt,runtime,Local history; absence of an archive match is not proof of independent authorship.,
src/main/java/com/dpscalc/scenario/WikiTemplatePanel.java,792591dcb619ec3586a158b4d82023dbf273d87d25e38fde77dd0de2e54c4c80,948742cd0026792e3150ed76f7b1ff20707a07ff,local-candidate,review-and-adapt,runtime,Local history; absence of an archive match is not proof of independent authorship.,
src/main/java/com/dpscalc/scenario/WorkspacePersistence.java,9c2b729f53415998c15fd11fc7b0f4980f97136550e84596fcad13ac0dfb65b0,97a12813a7ae84a440a1c1280a2c85260684a27c,local-candidate,review-and-adapt,runtime,Local history; absence of an archive match is not proof of independent authorship.,
src/main/java/com/dpscalc/scenario/WorkspaceSection.java,13ec4cb1c606d651f04c66db962bec4791a852abed917544fad6ef95b748ce90,fe671698a5bb707ebd67f39c4fb431ab7934f435,local-candidate,review-and-adapt,runtime,Local history; absence of an archive match is not proof of independent authorship.,
src/main/java/com/dpscalc/state/AttackType.java,6d35c67181f1e8cd9e22767dd3d58c0fbedee5f18f6743598a10aef87285426b,ee589e1a6dafe1f850f1d23a1b093258b30173b0,gpl-source,replace,runtime,Native GPL source match/path or substantial token signal; local edits do not establish relicensing rights.,https://github.com/mcdalcin/better-dps-calculator/blob/3fd61bb/src/main/java/com/dpscalc/state/AttackType.java [exact SHA-256]
src/main/java/com/dpscalc/state/CombatStyle.java,2200f8605f6eba5d8e09769726185af80c2de95e18c56bb10fdfb665f8201f1c,ee589e1a6dafe1f850f1d23a1b093258b30173b0,gpl-source,replace,runtime,Native GPL source match/path or substantial token signal; local edits do not establish relicensing rights.,https://github.com/mcdalcin/better-dps-calculator/blob/3fd61bb/src/main/java/com/dpscalc/state/CombatStyle.java [same filename]
src/main/java/com/dpscalc/state/EquipmentSlot.java,6ca7e4a0ca5c2a0e0380ccd499ca690010a3d0d9f5cf5b4c833251b27b43955f,ee589e1a6dafe1f850f1d23a1b093258b30173b0,gpl-source,replace,runtime,Native GPL source match/path or substantial token signal; local edits do not establish relicensing rights.,https://github.com/mcdalcin/better-dps-calculator/blob/3fd61bb/src/main/java/com/dpscalc/state/EquipmentSlot.java [exact SHA-256] ; https://github.com/mcdalcin/better-dps-calculator/blob/3fd61bb/src/main/java/com/dpscalc/equipment/EquipmentSlot.java [same filename]
src/main/java/com/dpscalc/state/EquipmentStats.java,a162f0d0d2e917e30be558ad3d086ad05969c8241adc4c02069d9420ac61b98c,ee589e1a6dafe1f850f1d23a1b093258b30173b0,gpl-source,replace,runtime,Native GPL source match/path or substantial token signal; local edits do not establish relicensing rights.,https://github.com/mcdalcin/better-dps-calculator/blob/3fd61bb/src/main/java/com/dpscalc/state/EquipmentStats.java [same filename]
src/main/java/com/dpscalc/state/PlayerState.java,1fb489c5c7aa08cdfeca441c656fcb1752b5b806cb3ae2db3f9ca316232c8f49,ee589e1a6dafe1f850f1d23a1b093258b30173b0,gpl-source,replace,runtime,Native GPL source match/path or substantial token signal; local edits do not establish relicensing rights.,https://github.com/mcdalcin/better-dps-calculator/blob/3fd61bb/src/main/java/com/dpscalc/state/PlayerState.java [same filename]
src/main/java/com/dpscalc/state/PlayerStateManager.java,696e62d695d95096790ed5ff27d2e1e643a9385f9ff0663f5ac82dbe078a15e9,ee589e1a6dafe1f850f1d23a1b093258b30173b0,gpl-source,replace,runtime,Native GPL source match/path or substantial token signal; local edits do not establish relicensing rights.,https://github.com/mcdalcin/better-dps-calculator/blob/3fd61bb/src/main/java/com/dpscalc/state/PlayerStateManager.java [same filename]
src/main/java/com/dpscalc/state/Prayer.java,bbddfa85c6f38e677caa67223dbc985dfb62fe9c978549df99980388eb08cb8e,ee589e1a6dafe1f850f1d23a1b093258b30173b0,gpl-source,replace,runtime,Native GPL source match/path or substantial token signal; local edits do not establish relicensing rights.,https://github.com/mcdalcin/better-dps-calculator/blob/3fd61bb/src/main/java/com/dpscalc/state/Prayer.java [same filename]
src/main/java/com/dpscalc/wikisetups/WikiSetupOptions.java,bbdaf7d0a36b25a223fce9ac40ae0d21dc5ed213e64b4d6d4c062594b42de406,948742cd0026792e3150ed76f7b1ff20707a07ff,local-candidate,review-and-adapt,runtime,Local history; absence of an archive match is not proof of independent authorship.,
src/main/java/com/dpscalc/wikisetups/bank/ExampleGearEnricher.java,6048ab7c7ed996a6afae5d33b6d32d9d1677d8fe2d24f7586412d2e297c5bb54,948742cd0026792e3150ed76f7b1ff20707a07ff,bsd-adapted,retain-with-notices-and-review,runtime,BSD Wiki Gear Setups lineage/header; inspect local additions for other sources.,https://github.com/Jiimbones/wiki-gear-setups/blob/e836b8d156f0f5f9b7e6375bb04c52f21835ac19/src/main/java/com/wikigearsetups/bank/ExampleGearEnricher.java [same filename]
src/main/java/com/dpscalc/wikisetups/bank/InventoryPick.java,b3421df0f368f1ff46e048aeb4f8ac706f809d3eb818dfed220319b7cb4293d0,948742cd0026792e3150ed76f7b1ff20707a07ff,bsd-adapted,retain-with-notices-and-review,runtime,BSD Wiki Gear Setups lineage/header; inspect local additions for other sources.,https://github.com/Jiimbones/wiki-gear-setups/blob/e836b8d156f0f5f9b7e6375bb04c52f21835ac19/src/main/java/com/wikigearsetups/bank/InventoryPick.java [same filename]
src/main/java/com/dpscalc/wikisetups/bank/InventoryResolution.java,032723ff197849211a815271310fb7a8fe25f92f004050a56c3ec1623cd54282,948742cd0026792e3150ed76f7b1ff20707a07ff,bsd-adapted,retain-with-notices-and-review,runtime,BSD Wiki Gear Setups lineage/header; inspect local additions for other sources.,https://github.com/Jiimbones/wiki-gear-setups/blob/e836b8d156f0f5f9b7e6375bb04c52f21835ac19/src/main/java/com/wikigearsetups/bank/InventoryResolution.java [same filename]
src/main/java/com/dpscalc/wikisetups/bank/InventoryResolver.java,0e99c68f60ffd5c36888d77b2e52b8a1bcc76632cc109c15bb3450848601e79c,948742cd0026792e3150ed76f7b1ff20707a07ff,bsd-adapted,retain-with-notices-and-review,runtime,BSD Wiki Gear Setups lineage/header; inspect local additions for other sources.,https://github.com/Jiimbones/wiki-gear-setups/blob/e836b8d156f0f5f9b7e6375bb04c52f21835ac19/src/main/java/com/wikigearsetups/bank/InventoryResolver.java [same filename]
src/main/java/com/dpscalc/wikisetups/bank/OwnershipResolver.java,3caf18b9123302f384047876058fd4a411aa2dac12ebc6bc609497ab3c306784,948742cd0026792e3150ed76f7b1ff20707a07ff,bsd-adapted,retain-with-notices-and-review,runtime,BSD Wiki Gear Setups lineage/header; inspect local additions for other sources.,https://github.com/Jiimbones/wiki-gear-setups/blob/e836b8d156f0f5f9b7e6375bb04c52f21835ac19/src/main/java/com/wikigearsetups/bank/OwnershipResolver.java [same filename]
src/main/java/com/dpscalc/wikisetups/bank/PickStrategy.java,f51fae83f0bf2c1ea36714ca81b7cad1b018a9e66155de65571f148fbc0806d7,948742cd0026792e3150ed76f7b1ff20707a07ff,bsd-adapted,retain-with-notices-and-review,runtime,BSD Wiki Gear Setups lineage/header; inspect local additions for other sources.,https://github.com/Jiimbones/wiki-gear-setups/blob/e836b8d156f0f5f9b7e6375bb04c52f21835ac19/src/main/java/com/wikigearsetups/bank/PickStrategy.java [same filename]
src/main/java/com/dpscalc/wikisetups/bank/SetupResolution.java,63b632a6a616b31fcbbec57a4d350aa1939e119eb9ab8976e9cff3c42e91b850,948742cd0026792e3150ed76f7b1ff20707a07ff,bsd-adapted,retain-with-notices-and-review,runtime,BSD Wiki Gear Setups lineage/header; inspect local additions for other sources.,https://github.com/Jiimbones/wiki-gear-setups/blob/e836b8d156f0f5f9b7e6375bb04c52f21835ac19/src/main/java/com/wikigearsetups/bank/SetupResolution.java [same filename]
src/main/java/com/dpscalc/wikisetups/bank/SlotPick.java,0dbb96b638d71b34d4e8f33fd043da7ea788afeaf4d9fb824510f6812ce49e76,948742cd0026792e3150ed76f7b1ff20707a07ff,bsd-adapted,retain-with-notices-and-review,runtime,BSD Wiki Gear Setups lineage/header; inspect local additions for other sources.,https://github.com/Jiimbones/wiki-gear-setups/blob/e836b8d156f0f5f9b7e6375bb04c52f21835ac19/src/main/java/com/wikigearsetups/bank/SlotPick.java [same filename]
src/main/java/com/dpscalc/wikisetups/items/ConsumableGroups.java,0662a524c3bc3d0c7b313d1eb8424716cc7d331a1411474fcbd5fc75ea2264e8,948742cd0026792e3150ed76f7b1ff20707a07ff,bsd-adapted,retain-with-notices-and-review,runtime,BSD Wiki Gear Setups lineage/header; inspect local additions for other sources.,https://github.com/Jiimbones/wiki-gear-setups/blob/e836b8d156f0f5f9b7e6375bb04c52f21835ac19/src/main/java/com/wikigearsetups/items/ConsumableGroups.java [same filename]
src/main/java/com/dpscalc/wikisetups/items/ItemAliases.java,2d683aec5dc65eafe6c033648ec0fdaeb014adae6a3550d8855f6775f7e7e3d6,948742cd0026792e3150ed76f7b1ff20707a07ff,bsd-adapted,retain-with-notices-and-review,runtime,BSD Wiki Gear Setups lineage/header; inspect local additions for other sources.,https://github.com/Jiimbones/wiki-gear-setups/blob/e836b8d156f0f5f9b7e6375bb04c52f21835ac19/src/main/java/com/wikigearsetups/items/ItemAliases.java [same filename]
src/main/java/com/dpscalc/wikisetups/items/ItemNameIndex.java,00d0e8e2dcd1c11faf3f831901aa7974e5060487392bbe0e0646dad68092a034,948742cd0026792e3150ed76f7b1ff20707a07ff,bsd-adapted,retain-with-notices-and-review,runtime,BSD Wiki Gear Setups lineage/header; inspect local additions for other sources.,https://github.com/Jiimbones/wiki-gear-setups/blob/e836b8d156f0f5f9b7e6375bb04c52f21835ac19/src/main/java/com/wikigearsetups/items/ItemNameIndex.java [same filename]
src/main/java/com/dpscalc/wikisetups/items/ItemNames.java,c327d2924b5df386dfbc6388e1e92dcde02d994d2dc2f9f93598e733b1416770,948742cd0026792e3150ed76f7b1ff20707a07ff,bsd-adapted,retain-with-notices-and-review,runtime,BSD Wiki Gear Setups lineage/header; inspect local additions for other sources.,https://github.com/Jiimbones/wiki-gear-setups/blob/e836b8d156f0f5f9b7e6375bb04c52f21835ac19/src/main/java/com/wikigearsetups/items/ItemNames.java [same filename]
src/main/java/com/dpscalc/wikisetups/items/ItemResolver.java,c3c3fe297e4c720160e7530950757f4b5dbcd32c62d699de46d9d2483b782bd7,948742cd0026792e3150ed76f7b1ff20707a07ff,bsd-adapted,retain-with-notices-and-review,runtime,BSD Wiki Gear Setups lineage/header; inspect local additions for other sources.,https://github.com/Jiimbones/wiki-gear-setups/blob/e836b8d156f0f5f9b7e6375bb04c52f21835ac19/src/main/java/com/wikigearsetups/items/ItemResolver.java [same filename]
src/main/java/com/dpscalc/wikisetups/items/ItemSets.java,7e2c3644ada5f64bb1821354e06c582afe4277449ce3a2e5484c7061ec76cf1d,948742cd0026792e3150ed76f7b1ff20707a07ff,bsd-adapted,retain-with-notices-and-review,runtime,BSD Wiki Gear Setups lineage/header; inspect local additions for other sources.,https://github.com/Jiimbones/wiki-gear-setups/blob/e836b8d156f0f5f9b7e6375bb04c52f21835ac19/src/main/java/com/wikigearsetups/items/ItemSets.java [same filename]
src/main/java/com/dpscalc/wikisetups/items/PlaceholderItems.java,849f6266e6c43c40ac297070cba076385c10dc31be246ec9726c08ac48e35e5e,948742cd0026792e3150ed76f7b1ff20707a07ff,bsd-adapted,retain-with-notices-and-review,runtime,BSD Wiki Gear Setups lineage/header; inspect local additions for other sources.,https://github.com/Jiimbones/wiki-gear-setups/blob/e836b8d156f0f5f9b7e6375bb04c52f21835ac19/src/main/java/com/wikigearsetups/items/PlaceholderItems.java [same filename]
src/main/java/com/dpscalc/wikisetups/items/ResolvedItem.java,2e25458b8c79e296eba85f21bd0791012a7329f6e4e63da502b8bbc62928e49a,948742cd0026792e3150ed76f7b1ff20707a07ff,bsd-adapted,retain-with-notices-and-review,runtime,BSD Wiki Gear Setups lineage/header; inspect local additions for other sources.,https://github.com/Jiimbones/wiki-gear-setups/blob/e836b8d156f0f5f9b7e6375bb04c52f21835ac19/src/main/java/com/wikigearsetups/items/ResolvedItem.java [same filename]
src/main/java/com/dpscalc/wikisetups/wiki/EquipSlot.java,d242dcbff59eb0f3a7843664d04926ce5925e9f80a1914b93c6f46644fdeaaf9,948742cd0026792e3150ed76f7b1ff20707a07ff,bsd-adapted,retain-with-notices-and-review,runtime,BSD Wiki Gear Setups lineage/header; inspect local additions for other sources.,https://github.com/Jiimbones/wiki-gear-setups/blob/e836b8d156f0f5f9b7e6375bb04c52f21835ac19/src/main/java/com/wikigearsetups/wiki/EquipSlot.java [same filename]
src/main/java/com/dpscalc/wikisetups/wiki/ExampleSetup.java,5cfe18cac85c38b51efee1ba1200aa22cde963ebe45cc630841961a883cca14b,948742cd0026792e3150ed76f7b1ff20707a07ff,bsd-adapted,retain-with-notices-and-review,runtime,BSD Wiki Gear Setups lineage/header; inspect local additions for other sources.,https://github.com/Jiimbones/wiki-gear-setups/blob/e836b8d156f0f5f9b7e6375bb04c52f21835ac19/src/main/java/com/wikigearsetups/wiki/ExampleSetup.java [same filename]
src/main/java/com/dpscalc/wikisetups/wiki/ExampleSetupParser.java,d935b746e52b5a8f2c356aeb8de5cc4e79c97ab027d87941f5924a66f8db2fdc,948742cd0026792e3150ed76f7b1ff20707a07ff,bsd-adapted,retain-with-notices-and-review,runtime,BSD Wiki Gear Setups lineage/header; inspect local additions for other sources.,https://github.com/Jiimbones/wiki-gear-setups/blob/e836b8d156f0f5f9b7e6375bb04c52f21835ac19/src/main/java/com/wikigearsetups/wiki/ExampleSetupParser.java [same filename]
src/main/java/com/dpscalc/wikisetups/wiki/GearSetup.java,46d12832cd365c80a39bc62e89e90ebd40e2e85a0f2e9697d391ca20844cd3d9,948742cd0026792e3150ed76f7b1ff20707a07ff,bsd-adapted,retain-with-notices-and-review,runtime,BSD Wiki Gear Setups lineage/header; inspect local additions for other sources.,https://github.com/Jiimbones/wiki-gear-setups/blob/e836b8d156f0f5f9b7e6375bb04c52f21835ac19/src/main/java/com/wikigearsetups/wiki/GearSetup.java [same filename]
src/main/java/com/dpscalc/wikisetups/wiki/GearSetupParser.java,7fdcbaee7aac8be4c6723bdd29bac1371aa82c15b20efd6112c0fc7f6564f5b3,948742cd0026792e3150ed76f7b1ff20707a07ff,bsd-adapted,retain-with-notices-and-review,runtime,BSD Wiki Gear Setups lineage/header; inspect local additions for other sources.,https://github.com/Jiimbones/wiki-gear-setups/blob/e836b8d156f0f5f9b7e6375bb04c52f21835ac19/src/main/java/com/wikigearsetups/wiki/GearSetupParser.java [same filename]
src/main/java/com/dpscalc/wikisetups/wiki/GearSetups.java,0c72101df193e81ce621ffbf83086372707553dd4c9df9a3f7a0faa76aafac6a,948742cd0026792e3150ed76f7b1ff20707a07ff,bsd-adapted,retain-with-notices-and-review,runtime,BSD Wiki Gear Setups lineage/header; inspect local additions for other sources.,https://github.com/Jiimbones/wiki-gear-setups/blob/e836b8d156f0f5f9b7e6375bb04c52f21835ac19/src/main/java/com/wikigearsetups/wiki/GearSetups.java [same filename]
src/main/java/com/dpscalc/wikisetups/wiki/InventoryParser.java,7e522a3231022cf282d7c744175764ff8c90c50e138bf648ad3e3de39da4a47a,948742cd0026792e3150ed76f7b1ff20707a07ff,bsd-adapted,retain-with-notices-and-review,runtime,BSD Wiki Gear Setups lineage/header; inspect local additions for other sources.,https://github.com/Jiimbones/wiki-gear-setups/blob/e836b8d156f0f5f9b7e6375bb04c52f21835ac19/src/main/java/com/wikigearsetups/wiki/InventoryParser.java [same filename]
src/main/java/com/dpscalc/wikisetups/wiki/InventorySetup.java,9ac021dcdf99d50c4d9033def43e5b60e87f3bb4d63a65089088394ead992251,948742cd0026792e3150ed76f7b1ff20707a07ff,bsd-adapted,retain-with-notices-and-review,runtime,BSD Wiki Gear Setups lineage/header; inspect local additions for other sources.,https://github.com/Jiimbones/wiki-gear-setups/blob/e836b8d156f0f5f9b7e6375bb04c52f21835ac19/src/main/java/com/wikigearsetups/wiki/InventorySetup.java [same filename]
src/main/java/com/dpscalc/wikisetups/wiki/PageDiscovery.java,4d87f46072310d9c96be6439762f4d44b8fc557f3d716d308f476b84a39f97f1,948742cd0026792e3150ed76f7b1ff20707a07ff,bsd-adapted,retain-with-notices-and-review,runtime,BSD Wiki Gear Setups lineage/header; inspect local additions for other sources.,https://github.com/Jiimbones/wiki-gear-setups/blob/e836b8d156f0f5f9b7e6375bb04c52f21835ac19/src/main/java/com/wikigearsetups/wiki/PageDiscovery.java [same filename]
src/main/java/com/dpscalc/wikisetups/wiki/PageKind.java,0502e95df722ec858c855a4bdbfc822346744d5772c3321c8cca40320ecc3b46,948742cd0026792e3150ed76f7b1ff20707a07ff,bsd-adapted,retain-with-notices-and-review,runtime,BSD Wiki Gear Setups lineage/header; inspect local additions for other sources.,https://github.com/Jiimbones/wiki-gear-setups/blob/e836b8d156f0f5f9b7e6375bb04c52f21835ac19/src/main/java/com/wikigearsetups/wiki/PageKind.java [same filename]
src/main/java/com/dpscalc/wikisetups/wiki/RankedItem.java,c69dbca6abb6fbb6e2cd0120882c77916407f8d715386cbb5a411ccae1db52b9,948742cd0026792e3150ed76f7b1ff20707a07ff,bsd-adapted,retain-with-notices-and-review,runtime,BSD Wiki Gear Setups lineage/header; inspect local additions for other sources.,https://github.com/Jiimbones/wiki-gear-setups/blob/e836b8d156f0f5f9b7e6375bb04c52f21835ac19/src/main/java/com/wikigearsetups/wiki/RankedItem.java [same filename]
src/main/java/com/dpscalc/wikisetups/wiki/SearchResult.java,da443290424884f76b732c7d22b435f0511e42878cefb611e6c73090cc30cbb1,948742cd0026792e3150ed76f7b1ff20707a07ff,bsd-adapted,retain-with-notices-and-review,runtime,BSD Wiki Gear Setups lineage/header; inspect local additions for other sources.,https://github.com/Jiimbones/wiki-gear-setups/blob/e836b8d156f0f5f9b7e6375bb04c52f21835ac19/src/main/java/com/wikigearsetups/wiki/SearchResult.java [same filename]
src/main/java/com/dpscalc/wikisetups/wiki/SectionLabels.java,8c4b485631e3ea79f5bd499e26ee9ce4a35f833d5247c4711fcf101f1db268b3,948742cd0026792e3150ed76f7b1ff20707a07ff,bsd-adapted,retain-with-notices-and-review,runtime,BSD Wiki Gear Setups lineage/header; inspect local additions for other sources.,https://github.com/Jiimbones/wiki-gear-setups/blob/e836b8d156f0f5f9b7e6375bb04c52f21835ac19/src/main/java/com/wikigearsetups/wiki/SectionLabels.java [same filename]
src/main/java/com/dpscalc/wikisetups/wiki/SetupPairing.java,34f1fe8b5a68b4fc352a15f5f9bc852894879438cbc047f97760acb9f45b25db,948742cd0026792e3150ed76f7b1ff20707a07ff,bsd-adapted,retain-with-notices-and-review,runtime,BSD Wiki Gear Setups lineage/header; inspect local additions for other sources.,https://github.com/Jiimbones/wiki-gear-setups/blob/e836b8d156f0f5f9b7e6375bb04c52f21835ac19/src/main/java/com/wikigearsetups/wiki/SetupPairing.java [same filename]
src/main/resources/META-INF/LICENSE,3972dc9744f6499f0f9b2dbf76696f2ae7ad8af9b23dde66d6af86c9dfb36986,d5da692ecfb032aa46502c194bbd257584c07e70,license-text,retain-until-migration,runtime,Current aggregate GPL license; do not replace while covered material remains.,https://github.com/weirdgloop/osrs-dps-calc/blob/89c3e25/LICENSE [exact SHA-256]
src/main/resources/META-INF/LICENSE-wiki-gear-setups,11320cae3892abe57473f8d0cc0894c94dea5cdef6e11c9b0bbd6dcbf518e857,948742cd0026792e3150ed76f7b1ff20707a07ff,attribution,preserve-and-update,runtime,Required provenance/third-party notices; duplicate runtime copies must remain consistent.,https://github.com/Jiimbones/wiki-gear-setups/blob/e836b8d156f0f5f9b7e6375bb04c52f21835ac19/LICENSE [exact SHA-256]
src/main/resources/META-INF/NOTICE.md,73e3157c97d763950f095f9c948c1164a5dec47ce621183c7de534999e06fc9b,d5da692ecfb032aa46502c194bbd257584c07e70,attribution,preserve-and-update,runtime,Required provenance/third-party notices; duplicate runtime copies must remain consistent.,
src/main/resources/com/dpscalc/equipment-requirements.json,0411eaa468ee0e6424d56a4ad5760022643427b0bb8e5d4f0baeb7e1aacd5ad0,10e45ea216379e6ea852be7726fa0d3f44caf2ac,gpl-data,replace,runtime,NOTICE records copied OSRSBox GPL-3.0 dataset dae12e3; rebuild data sourcing independently.,
src/main/resources/com/dpscalc/icon.png,b0f799018b4fb34349fad18ee8d6c42d497dcc56708432c9dac611b3184fc4ae,ee589e1a6dafe1f850f1d23a1b093258b30173b0,asset-review,replace-or-source-via-client,runtime,Image from attributed native/Wiki archives or undocumented export; underlying game artwork may have separate rights.,https://github.com/mcdalcin/better-dps-calculator/blob/3fd61bb/icon.png [exact SHA-256] ; https://github.com/mcdalcin/better-dps-calculator/blob/3fd61bb/src/main/resources/com/dpscalc/icon.png [exact SHA-256]
src/main/resources/com/dpscalc/monsters.json,909c316da2d4269e4de2a86506a588b2a9df93826e9e0016d121cfc5edc32fc1,ee589e1a6dafe1f850f1d23a1b093258b30173b0,gpl-data,replace,runtime,"Native/Wiki calculator data or generated fixtures per NOTICE; facts do not clear copied tables, generators or selection.",https://github.com/mcdalcin/better-dps-calculator/blob/3fd61bb/src/main/resources/com/dpscalc/monsters.json [exact SHA-256]
src/main/resources/com/dpscalc/optimizer-spell-levels.json,20f829faa84a79e23801451e13cd74f1accdaebc7c9488d3a412aa925abd2b88,6a95c247b80573be54d0a771926417d55ffb41ca,fact-table-review,rebuild-with-provenance,runtime,Locally assembled Wiki facts per NOTICE; document independent collection/schema.,
src/main/resources/com/dpscalc/prayer-order.json,c02583053794353865b0c9a730d64597ae53edaf2b4b67b09c761a6de4d3b79f,675ba7a9b382758d74d20993885999f2fb14eb5e,gpl-data,replace,runtime,"Native/Wiki calculator data or generated fixtures per NOTICE; facts do not clear copied tables, generators or selection.",
src/main/resources/com/dpscalc/prayers/AUGURY.png,bf7e6dced9cd1a4a8ba79ae66a26e4306cf0fe6da3eefe1652c17d81ca759cf0,675ba7a9b382758d74d20993885999f2fb14eb5e,asset-review,replace-or-source-via-client,runtime,Image from attributed native/Wiki archives or undocumented export; underlying game artwork may have separate rights.,https://github.com/weirdgloop/osrs-dps-calc/blob/89c3e25/src/public/img/prayers/Augury.png [exact SHA-256]
src/main/resources/com/dpscalc/prayers/BURST_OF_STRENGTH.png,d1e1c07a87fa6b0ef980eb50ffcdc8427ea908288f983c46a2dd609a6f3065dc,675ba7a9b382758d74d20993885999f2fb14eb5e,asset-review,replace-or-source-via-client,runtime,Image from attributed native/Wiki archives or undocumented export; underlying game artwork may have separate rights.,https://github.com/weirdgloop/osrs-dps-calc/blob/89c3e25/src/public/img/prayers/Burst_of_Strength.png [exact SHA-256]
src/main/resources/com/dpscalc/prayers/CHIVALRY.png,c8f5639477c1d538b725279ffe026d24456a16a6625ac67395459e1aa5e70801,675ba7a9b382758d74d20993885999f2fb14eb5e,asset-review,replace-or-source-via-client,runtime,Image from attributed native/Wiki archives or undocumented export; underlying game artwork may have separate rights.,https://github.com/weirdgloop/osrs-dps-calc/blob/89c3e25/src/public/img/prayers/Chivalry.png [exact SHA-256]
src/main/resources/com/dpscalc/prayers/CLARITY_OF_THOUGHT.png,4039a9dfd890fadabf7bc6e85b873a947bffb4237cf19d42eb08426944ababdc,675ba7a9b382758d74d20993885999f2fb14eb5e,asset-review,replace-or-source-via-client,runtime,Image from attributed native/Wiki archives or undocumented export; underlying game artwork may have separate rights.,https://github.com/weirdgloop/osrs-dps-calc/blob/89c3e25/src/public/img/prayers/Clarity_of_Thought.png [exact SHA-256]
src/main/resources/com/dpscalc/prayers/DEADEYE.png,ec07362c47f7cd38452575bbe1c6c231e4af569c5750b34ec14737d26f911c4d,675ba7a9b382758d74d20993885999f2fb14eb5e,asset-review,replace-or-source-via-client,runtime,Image from attributed native/Wiki archives or undocumented export; underlying game artwork may have separate rights.,https://github.com/weirdgloop/osrs-dps-calc/blob/89c3e25/src/public/img/prayers/Deadeye.png [exact SHA-256]
src/main/resources/com/dpscalc/prayers/EAGLE_EYE.png,041db12686248b84de9788daeab969fc08527e98fcae50e011ebd9fd1d367118,675ba7a9b382758d74d20993885999f2fb14eb5e,asset-review,replace-or-source-via-client,runtime,Image from attributed native/Wiki archives or undocumented export; underlying game artwork may have separate rights.,https://github.com/weirdgloop/osrs-dps-calc/blob/89c3e25/src/public/img/prayers/Eagle_Eye.png [exact SHA-256]
src/main/resources/com/dpscalc/prayers/HAWK_EYE.png,17e7ce81bad31fcd804ea3647c107101db58784e6586d6555f87035794bf3c10,675ba7a9b382758d74d20993885999f2fb14eb5e,asset-review,replace-or-source-via-client,runtime,Image from attributed native/Wiki archives or undocumented export; underlying game artwork may have separate rights.,https://github.com/weirdgloop/osrs-dps-calc/blob/89c3e25/src/public/img/prayers/Hawk_Eye.png [exact SHA-256]
src/main/resources/com/dpscalc/prayers/IMPROVED_REFLEXES.png,a5556a6322bab92883f47aaebd80f773264c3c528b51aea2f35b2d8ed852fbab,675ba7a9b382758d74d20993885999f2fb14eb5e,asset-review,replace-or-source-via-client,runtime,Image from attributed native/Wiki archives or undocumented export; underlying game artwork may have separate rights.,https://github.com/weirdgloop/osrs-dps-calc/blob/89c3e25/src/public/img/prayers/Improved_Reflexes.png [exact SHA-256]
src/main/resources/com/dpscalc/prayers/INCREDIBLE_REFLEXES.png,cacfd57bcb16b9798b6b141557c0ec573ff196bffa07439648ed5f557c78a70a,675ba7a9b382758d74d20993885999f2fb14eb5e,asset-review,replace-or-source-via-client,runtime,Image from attributed native/Wiki archives or undocumented export; underlying game artwork may have separate rights.,https://github.com/weirdgloop/osrs-dps-calc/blob/89c3e25/src/public/img/prayers/Incredible_Reflexes.png [exact SHA-256]
src/main/resources/com/dpscalc/prayers/MYSTIC_LORE.png,7997ebfaf59c88ab7b630ab51dae8e51eb76c8694b77cf70c11005fa50049e8c,675ba7a9b382758d74d20993885999f2fb14eb5e,asset-review,replace-or-source-via-client,runtime,Image from attributed native/Wiki archives or undocumented export; underlying game artwork may have separate rights.,https://github.com/weirdgloop/osrs-dps-calc/blob/89c3e25/src/public/img/prayers/Mystic_Lore.png [exact SHA-256]
src/main/resources/com/dpscalc/prayers/MYSTIC_MIGHT.png,a7ece88ec7301c9b4cb421f880104930c8646c244e98cf9573a2d9a86175ff5a,675ba7a9b382758d74d20993885999f2fb14eb5e,asset-review,replace-or-source-via-client,runtime,Image from attributed native/Wiki archives or undocumented export; underlying game artwork may have separate rights.,https://github.com/weirdgloop/osrs-dps-calc/blob/89c3e25/src/public/img/prayers/Mystic_Might.png [exact SHA-256]
src/main/resources/com/dpscalc/prayers/MYSTIC_VIGOUR.png,fb803460eaa7046e4f155a3b37ab6ebcfd52838eb54f09c677d3b6727ab30090,675ba7a9b382758d74d20993885999f2fb14eb5e,asset-review,replace-or-source-via-client,runtime,Image from attributed native/Wiki archives or undocumented export; underlying game artwork may have separate rights.,https://github.com/weirdgloop/osrs-dps-calc/blob/89c3e25/src/public/img/prayers/Mystic_Vigour.png [exact SHA-256]
src/main/resources/com/dpscalc/prayers/MYSTIC_WILL.png,fcfd2de708d9b2ec198f9850ee4432c6a05bb89bcd168c89476a301eeb5b2d23,675ba7a9b382758d74d20993885999f2fb14eb5e,asset-review,replace-or-source-via-client,runtime,Image from attributed native/Wiki archives or undocumented export; underlying game artwork may have separate rights.,https://github.com/weirdgloop/osrs-dps-calc/blob/89c3e25/src/public/img/prayers/Mystic_Will.png [exact SHA-256]
src/main/resources/com/dpscalc/prayers/PIETY.png,6d567931f7cb293610def8f6108b3e99f261aca63ba0eb65b5c6366601a450bb,675ba7a9b382758d74d20993885999f2fb14eb5e,asset-review,replace-or-source-via-client,runtime,Image from attributed native/Wiki archives or undocumented export; underlying game artwork may have separate rights.,https://github.com/weirdgloop/osrs-dps-calc/blob/89c3e25/src/public/img/prayers/Piety.png [exact SHA-256]
src/main/resources/com/dpscalc/prayers/RIGOUR.png,a2c68431f3f151de00ef8eeabc4edaec7f977e2279494d94902f7bf82c543420,675ba7a9b382758d74d20993885999f2fb14eb5e,asset-review,replace-or-source-via-client,runtime,Image from attributed native/Wiki archives or undocumented export; underlying game artwork may have separate rights.,https://github.com/weirdgloop/osrs-dps-calc/blob/89c3e25/src/public/img/prayers/Rigour.png [exact SHA-256]
src/main/resources/com/dpscalc/prayers/ROCK_SKIN.png,6948664abb6061c1a357e88a3399d736dd67cbe9c278af800b38784037714292,675ba7a9b382758d74d20993885999f2fb14eb5e,asset-review,replace-or-source-via-client,runtime,Image from attributed native/Wiki archives or undocumented export; underlying game artwork may have separate rights.,https://github.com/weirdgloop/osrs-dps-calc/blob/89c3e25/src/public/img/prayers/Rock Skin.png [exact SHA-256] ; https://github.com/weirdgloop/osrs-dps-calc/blob/89c3e25/src/public/img/prayers/Rock_Skin.png [exact SHA-256]
src/main/resources/com/dpscalc/prayers/SHARP_EYE.png,bde38db1f31b4be47da9845bd90d1f1b1fa1c21b4eb9ea0192c24ebf2fb1c077,675ba7a9b382758d74d20993885999f2fb14eb5e,asset-review,replace-or-source-via-client,runtime,Image from attributed native/Wiki archives or undocumented export; underlying game artwork may have separate rights.,https://github.com/weirdgloop/osrs-dps-calc/blob/89c3e25/src/public/img/prayers/Sharp_Eye.png [exact SHA-256]
src/main/resources/com/dpscalc/prayers/STEEL_SKIN.png,9249d8b253c9cfc65b1a946f6752e199c2a50f5f6a29dea714147135171ef2d9,675ba7a9b382758d74d20993885999f2fb14eb5e,asset-review,replace-or-source-via-client,runtime,Image from attributed native/Wiki archives or undocumented export; underlying game artwork may have separate rights.,https://github.com/weirdgloop/osrs-dps-calc/blob/89c3e25/src/public/img/prayers/Steel Skin.png [exact SHA-256] ; https://github.com/weirdgloop/osrs-dps-calc/blob/89c3e25/src/public/img/prayers/Steel_Skin.png [exact SHA-256]
src/main/resources/com/dpscalc/prayers/SUPERHUMAN_STRENGTH.png,5c8f8c683cdec35aabbdecbaf76dcfd16cb685c9f89b379298856e839b88ecd6,675ba7a9b382758d74d20993885999f2fb14eb5e,asset-review,replace-or-source-via-client,runtime,Image from attributed native/Wiki archives or undocumented export; underlying game artwork may have separate rights.,https://github.com/weirdgloop/osrs-dps-calc/blob/89c3e25/src/public/img/prayers/Superhuman_Strength.png [exact SHA-256]
src/main/resources/com/dpscalc/prayers/THICK_SKIN.png,7228392ac1459f72c7c406922541b25117661fe163490165726a1a38a3ee20b2,675ba7a9b382758d74d20993885999f2fb14eb5e,asset-review,replace-or-source-via-client,runtime,Image from attributed native/Wiki archives or undocumented export; underlying game artwork may have separate rights.,https://github.com/weirdgloop/osrs-dps-calc/blob/89c3e25/src/public/img/prayers/Thick Skin.png [exact SHA-256] ; https://github.com/weirdgloop/osrs-dps-calc/blob/89c3e25/src/public/img/prayers/Thick_Skin.png [exact SHA-256]
src/main/resources/com/dpscalc/prayers/ULTIMATE_STRENGTH.png,16f7e6baf2da4b4c82412c274471fbbc756b3cd2089239cd8f3d9639061ebef9,675ba7a9b382758d74d20993885999f2fb14eb5e,asset-review,replace-or-source-via-client,runtime,Image from attributed native/Wiki archives or undocumented export; underlying game artwork may have separate rights.,https://github.com/weirdgloop/osrs-dps-calc/blob/89c3e25/src/public/img/prayers/Ultimate_Strength.png [exact SHA-256]
src/main/resources/com/dpscalc/spells.json,a8f2b1cd425807a60465066151fc4c49becc2209c63d7ced3446cda8d7cc3019,ee589e1a6dafe1f850f1d23a1b093258b30173b0,gpl-data,replace,runtime,"Native/Wiki calculator data or generated fixtures per NOTICE; facts do not clear copied tables, generators or selection.",https://github.com/weirdgloop/osrs-dps-calc/blob/89c3e25/cdn/json/spells.json [exact SHA-256]
src/main/resources/com/dpscalc/ui/bonuses/attack.png,e3160bdb733d04026d9b2b96c894a7c8dbf2f777ecccc729191d9e600a48d7a2,5d71952a2c6c508a3cfc003f9ec0194073e0375c,asset-review,replace-or-source-via-client,runtime,Image from attributed native/Wiki archives or undocumented export; underlying game artwork may have separate rights.,https://github.com/weirdgloop/osrs-dps-calc/blob/89c3e25/src/public/img/bonuses/attack.png [exact SHA-256]
src/main/resources/com/dpscalc/ui/bonuses/attack_speed.png,accda021a2736367c8153c39a7c80b6338473d0c1637cde0a7acc27376327815,5d71952a2c6c508a3cfc003f9ec0194073e0375c,asset-review,replace-or-source-via-client,runtime,Image from attributed native/Wiki archives or undocumented export; underlying game artwork may have separate rights.,https://github.com/weirdgloop/osrs-dps-calc/blob/89c3e25/src/public/img/bonuses/attack_speed.png [exact SHA-256]
src/main/resources/com/dpscalc/ui/bonuses/dagger.png,b29d296164871275399fe9823e60aab91cadbbe18c37b76781aac829556a9634,5d71952a2c6c508a3cfc003f9ec0194073e0375c,asset-review,replace-or-source-via-client,runtime,Image from attributed native/Wiki archives or undocumented export; underlying game artwork may have separate rights.,https://github.com/weirdgloop/osrs-dps-calc/blob/89c3e25/cdn/equipment/Steel dagger.png [exact SHA-256] ; https://github.com/weirdgloop/osrs-dps-calc/blob/89c3e25/src/public/img/bonuses/dagger.png [exact SHA-256]
src/main/resources/com/dpscalc/ui/bonuses/defence.png,957853b06f703c5fda0ada8d947b6b722ed0503543b250a98ebf7444f51cc8f5,5d71952a2c6c508a3cfc003f9ec0194073e0375c,asset-review,replace-or-source-via-client,runtime,Image from attributed native/Wiki archives or undocumented export; underlying game artwork may have separate rights.,https://github.com/weirdgloop/osrs-dps-calc/blob/89c3e25/src/public/img/bonuses/defence.png [exact SHA-256]
src/main/resources/com/dpscalc/ui/bonuses/demon.png,96b72e68322a5842adf8944f55b9c23b23a95695509642b0964559221583c3f2,5d71952a2c6c508a3cfc003f9ec0194073e0375c,asset-review,replace-or-source-via-client,runtime,Image from attributed native/Wiki archives or undocumented export; underlying game artwork may have separate rights.,https://github.com/weirdgloop/osrs-dps-calc/blob/89c3e25/src/public/img/bonuses/demon.png [exact SHA-256]
src/main/resources/com/dpscalc/ui/bonuses/flat_armour.png,b779710cd118435f1590594ed8b40f88c84a3448b1d0dc760f3c4716fd01e288,5d71952a2c6c508a3cfc003f9ec0194073e0375c,asset-review,replace-or-source-via-client,runtime,Image from attributed native/Wiki archives or undocumented export; underlying game artwork may have separate rights.,https://github.com/weirdgloop/osrs-dps-calc/blob/89c3e25/src/public/img/bonuses/flat_armour.png [exact SHA-256]
src/main/resources/com/dpscalc/ui/bonuses/herblore.png,6261b9d896f81e7d31bad8a8326806372326de5c06901130e93136efa76ecc4e,5d71952a2c6c508a3cfc003f9ec0194073e0375c,asset-review,replace-or-source-via-client,runtime,Image from attributed native/Wiki archives or undocumented export; underlying game artwork may have separate rights.,https://github.com/weirdgloop/osrs-dps-calc/blob/89c3e25/src/public/img/bonuses/herblore.png [exact SHA-256]
src/main/resources/com/dpscalc/ui/bonuses/hitpoints.png,08882d872443af27eae89a3678471a6a475a1a9b8f97dd10923aa63442c0b598,5d71952a2c6c508a3cfc003f9ec0194073e0375c,asset-review,replace-or-source-via-client,runtime,Image from attributed native/Wiki archives or undocumented export; underlying game artwork may have separate rights.,https://github.com/weirdgloop/osrs-dps-calc/blob/89c3e25/src/public/img/bonuses/hitpoints.png [exact SHA-256]
src/main/resources/com/dpscalc/ui/bonuses/magic.png,f914ef17e426094f0ebca968beeeae6828bea84b70e1f273fcb4a18908d27756,5d71952a2c6c508a3cfc003f9ec0194073e0375c,asset-review,replace-or-source-via-client,runtime,Image from attributed native/Wiki archives or undocumented export; underlying game artwork may have separate rights.,https://github.com/weirdgloop/osrs-dps-calc/blob/89c3e25/src/public/img/bonuses/magic.png [exact SHA-256]
src/main/resources/com/dpscalc/ui/bonuses/magic_strength.png,4d783aa431ff87d49909caa8d892acb99b8566e3714a53301e108e55538e7109,5d71952a2c6c508a3cfc003f9ec0194073e0375c,asset-review,replace-or-source-via-client,runtime,Image from attributed native/Wiki archives or undocumented export; underlying game artwork may have separate rights.,https://github.com/weirdgloop/osrs-dps-calc/blob/89c3e25/src/public/img/bonuses/magic_strength.png [exact SHA-256]
src/main/resources/com/dpscalc/ui/bonuses/mining.png,9ae6744e4a6606f43303cc8f78abe7aed18a491753b9c0f5f3457ad8b1373eb4,5d71952a2c6c508a3cfc003f9ec0194073e0375c,asset-review,replace-or-source-via-client,runtime,Image from attributed native/Wiki archives or undocumented export; underlying game artwork may have separate rights.,https://github.com/weirdgloop/osrs-dps-calc/blob/89c3e25/src/public/img/bonuses/mining.png [exact SHA-256]
src/main/resources/com/dpscalc/ui/bonuses/ranged.png,3160233293c9ba051cd09e34dd1aab22fd70ff17c81e3899ab9397dde4d717d6,5d71952a2c6c508a3cfc003f9ec0194073e0375c,asset-review,replace-or-source-via-client,runtime,Image from attributed native/Wiki archives or undocumented export; underlying game artwork may have separate rights.,https://github.com/weirdgloop/osrs-dps-calc/blob/89c3e25/src/public/img/bonuses/ranged.png [exact SHA-256]
src/main/resources/com/dpscalc/ui/bonuses/ranged_heavy.png,4ad982de9fc8fcc107a2743ecaefaa992334e66f9d192095ef96cefb8fece1de,5d71952a2c6c508a3cfc003f9ec0194073e0375c,asset-review,replace-or-source-via-client,runtime,Image from attributed native/Wiki archives or undocumented export; underlying game artwork may have separate rights.,
src/main/resources/com/dpscalc/ui/bonuses/ranged_light.png,7653eb3f97192f41d2f66cf83fda45580d4981acb2bb88da91a3fdd08d91ad69,5d71952a2c6c508a3cfc003f9ec0194073e0375c,asset-review,replace-or-source-via-client,runtime,Image from attributed native/Wiki archives or undocumented export; underlying game artwork may have separate rights.,
src/main/resources/com/dpscalc/ui/bonuses/ranged_standard.png,63c587451fd53eee631e69a217442cf1d59d88bcd8ba16a18c47246eb000e6df,5d71952a2c6c508a3cfc003f9ec0194073e0375c,asset-review,replace-or-source-via-client,runtime,Image from attributed native/Wiki archives or undocumented export; underlying game artwork may have separate rights.,
src/main/resources/com/dpscalc/ui/bonuses/ranged_strength.png,2eb35450efc354a5d0f243d5740b3599a1561f1dd81f94975e2eeda3eab108b7,5d71952a2c6c508a3cfc003f9ec0194073e0375c,asset-review,replace-or-source-via-client,runtime,Image from attributed native/Wiki archives or undocumented export; underlying game artwork may have separate rights.,https://github.com/weirdgloop/osrs-dps-calc/blob/89c3e25/src/public/img/bonuses/ranged_strength.png [exact SHA-256]
src/main/resources/com/dpscalc/ui/bonuses/scimitar.png,f5ab84a11f58cc06c3ff35cebb6f1a4d4e96ee91397eb3c8692256724933b307,5d71952a2c6c508a3cfc003f9ec0194073e0375c,asset-review,replace-or-source-via-client,runtime,Image from attributed native/Wiki archives or undocumented export; underlying game artwork may have separate rights.,https://github.com/weirdgloop/osrs-dps-calc/blob/89c3e25/cdn/equipment/Steel scimitar.png [exact SHA-256] ; https://github.com/weirdgloop/osrs-dps-calc/blob/89c3e25/src/public/img/bonuses/scimitar.png [exact SHA-256]
src/main/resources/com/dpscalc/ui/bonuses/strength.png,7a7cbd85433e2d3166f211a626e3b858f5bcd0327eed8fdb6196dc998e27b8d7,5d71952a2c6c508a3cfc003f9ec0194073e0375c,asset-review,replace-or-source-via-client,runtime,Image from attributed native/Wiki archives or undocumented export; underlying game artwork may have separate rights.,https://github.com/weirdgloop/osrs-dps-calc/blob/89c3e25/src/public/img/bonuses/strength.png [exact SHA-256]
src/main/resources/com/dpscalc/ui/bonuses/warhammer.png,9b1e4146cbb2b9d1a1abbf5124870cdbbce0fc56df843118e25dbce636dddc00,5d71952a2c6c508a3cfc003f9ec0194073e0375c,asset-review,replace-or-source-via-client,runtime,Image from attributed native/Wiki archives or undocumented export; underlying game artwork may have separate rights.,https://github.com/weirdgloop/osrs-dps-calc/blob/89c3e25/cdn/equipment/Steel warhammer.png [exact SHA-256] ; https://github.com/weirdgloop/osrs-dps-calc/blob/89c3e25/src/public/img/bonuses/warhammer.png [exact SHA-256]
src/main/resources/com/dpscalc/ui/slots/ammo.png,9525271d80c66675005fb82ca667cc7fd2f1dfbfd91a73ab9cf0befab5f85715,5d71952a2c6c508a3cfc003f9ec0194073e0375c,asset-review,replace-or-source-via-client,runtime,Image from attributed native/Wiki archives or undocumented export; underlying game artwork may have separate rights.,https://github.com/weirdgloop/osrs-dps-calc/blob/89c3e25/src/public/img/slots/ammo.png [exact SHA-256]
src/main/resources/com/dpscalc/ui/slots/body.png,bc3504d20665025d53727af7ec684251b074107bea7b7c477f4cc1ce3325d597,5d71952a2c6c508a3cfc003f9ec0194073e0375c,asset-review,replace-or-source-via-client,runtime,Image from attributed native/Wiki archives or undocumented export; underlying game artwork may have separate rights.,https://github.com/weirdgloop/osrs-dps-calc/blob/89c3e25/src/public/img/slots/body.png [exact SHA-256]
src/main/resources/com/dpscalc/ui/slots/cape.png,98c8ba7efe2853f0b5234723c7de48ea52888fb283c9323d6f43fad4cc85dfd9,5d71952a2c6c508a3cfc003f9ec0194073e0375c,asset-review,replace-or-source-via-client,runtime,Image from attributed native/Wiki archives or undocumented export; underlying game artwork may have separate rights.,https://github.com/weirdgloop/osrs-dps-calc/blob/89c3e25/src/public/img/slots/cape.png [exact SHA-256]
src/main/resources/com/dpscalc/ui/slots/feet.png,2c74c2b7cb5037739241d327d4736a7de40c64686e3d91ce86d788bb2ed25c87,5d71952a2c6c508a3cfc003f9ec0194073e0375c,asset-review,replace-or-source-via-client,runtime,Image from attributed native/Wiki archives or undocumented export; underlying game artwork may have separate rights.,https://github.com/weirdgloop/osrs-dps-calc/blob/89c3e25/src/public/img/slots/feet.png [exact SHA-256]
src/main/resources/com/dpscalc/ui/slots/hands.png,0a070e3c225ff5fa5f82f872e9526250c7cdd6b54e0998c6dfb52b00fa028cbe,5d71952a2c6c508a3cfc003f9ec0194073e0375c,asset-review,replace-or-source-via-client,runtime,Image from attributed native/Wiki archives or undocumented export; underlying game artwork may have separate rights.,https://github.com/weirdgloop/osrs-dps-calc/blob/89c3e25/src/public/img/slots/hands.png [exact SHA-256]
src/main/resources/com/dpscalc/ui/slots/head.png,7780c4c8f1a6d9cd82dc7b521e86acfdaa74bcb9b856b766c26dcefeb8cf1354,5d71952a2c6c508a3cfc003f9ec0194073e0375c,asset-review,replace-or-source-via-client,runtime,Image from attributed native/Wiki archives or undocumented export; underlying game artwork may have separate rights.,https://github.com/weirdgloop/osrs-dps-calc/blob/89c3e25/src/public/img/slots/head.png [exact SHA-256]
src/main/resources/com/dpscalc/ui/slots/legs.png,5cd22f32db2f5a2a2ea82689a1f8732261cc1d146df1a6049a7202196d97f5b4,5d71952a2c6c508a3cfc003f9ec0194073e0375c,asset-review,replace-or-source-via-client,runtime,Image from attributed native/Wiki archives or undocumented export; underlying game artwork may have separate rights.,https://github.com/weirdgloop/osrs-dps-calc/blob/89c3e25/src/public/img/slots/legs.png [exact SHA-256]
src/main/resources/com/dpscalc/ui/slots/neck.png,199d2d61021fcc3ae29f93fe4ffba0dc2cd61b20843d23c80a5ae6d4ce495c4c,5d71952a2c6c508a3cfc003f9ec0194073e0375c,asset-review,replace-or-source-via-client,runtime,Image from attributed native/Wiki archives or undocumented export; underlying game artwork may have separate rights.,https://github.com/weirdgloop/osrs-dps-calc/blob/89c3e25/src/public/img/slots/neck.png [exact SHA-256]
src/main/resources/com/dpscalc/ui/slots/ring.png,8640be519a5c26526e4791b462523e0b8011cb46e8a542cd9dc8430dbfb8f8e1,5d71952a2c6c508a3cfc003f9ec0194073e0375c,asset-review,replace-or-source-via-client,runtime,Image from attributed native/Wiki archives or undocumented export; underlying game artwork may have separate rights.,https://github.com/weirdgloop/osrs-dps-calc/blob/89c3e25/src/public/img/slots/ring.png [exact SHA-256]
src/main/resources/com/dpscalc/ui/slots/shield.png,7a759a6bf4bc029d36e278e60018379cb9c5013e86c8c3c7c275285d7ab7882f,5d71952a2c6c508a3cfc003f9ec0194073e0375c,asset-review,replace-or-source-via-client,runtime,Image from attributed native/Wiki archives or undocumented export; underlying game artwork may have separate rights.,https://github.com/weirdgloop/osrs-dps-calc/blob/89c3e25/src/public/img/slots/shield.png [exact SHA-256]
src/main/resources/com/dpscalc/ui/slots/weapon.png,f6fa87a48c74e01847734810b62c4da7acd3ba92e87cf6cb1b1cda9a148c4586,5d71952a2c6c508a3cfc003f9ec0194073e0375c,asset-review,replace-or-source-via-client,runtime,Image from attributed native/Wiki archives or undocumented export; underlying game artwork may have separate rights.,https://github.com/weirdgloop/osrs-dps-calc/blob/89c3e25/src/public/img/slots/weapon.png [exact SHA-256]
src/main/resources/com/dpscalc/ui/tabs/combat.png,b1dcc1f459031d3a2ee999a2fc24f94356497a148a6226e4f433d352e0abcfa8,5d71952a2c6c508a3cfc003f9ec0194073e0375c,asset-review,replace-or-source-via-client,runtime,Image from attributed native/Wiki archives or undocumented export; underlying game artwork may have separate rights.,https://github.com/weirdgloop/osrs-dps-calc/blob/89c3e25/src/public/img/tabs/combat.png [exact SHA-256]
src/main/resources/com/dpscalc/ui/tabs/equipment.png,ea5c6122151172e4e2025bc6f0fc6394c0f264ee79566112dee158f8ecb41a50,5d71952a2c6c508a3cfc003f9ec0194073e0375c,asset-review,replace-or-source-via-client,runtime,Image from attributed native/Wiki archives or undocumented export; underlying game artwork may have separate rights.,https://github.com/weirdgloop/osrs-dps-calc/blob/89c3e25/src/public/img/tabs/equipment.png [exact SHA-256]
src/main/resources/com/dpscalc/ui/tabs/options.png,338281f6887ec801ba58476db10892b3cab075f5d330d6e134cccf990f077b22,5d71952a2c6c508a3cfc003f9ec0194073e0375c,asset-review,replace-or-source-via-client,runtime,Image from attributed native/Wiki archives or undocumented export; underlying game artwork may have separate rights.,
src/main/resources/com/dpscalc/ui/tabs/prayer.png,b06acba419746047be0e7a2cbcf3e79c0a9bf1e6f692d2d92d98d86fb6d6f8c3,5d71952a2c6c508a3cfc003f9ec0194073e0375c,asset-review,replace-or-source-via-client,runtime,Image from attributed native/Wiki archives or undocumented export; underlying game artwork may have separate rights.,https://github.com/weirdgloop/osrs-dps-calc/blob/89c3e25/src/public/img/tabs/prayer.png [exact SHA-256]
src/main/resources/com/dpscalc/ui/tabs/skills.png,11dd9e1a2c3d514740395f4df3b3873844079af210a47ccd02ef6ef2bee6c115,5d71952a2c6c508a3cfc003f9ec0194073e0375c,asset-review,replace-or-source-via-client,runtime,Image from attributed native/Wiki archives or undocumented export; underlying game artwork may have separate rights.,https://github.com/weirdgloop/osrs-dps-calc/blob/89c3e25/src/public/img/tabs/skills.png [exact SHA-256]
src/main/resources/com/dpscalc/ui/tabs/spells.png,0956bdf24ec4deb965e0847fd296224edd306928b736fbd49b8e4c8209308f6c,5d71952a2c6c508a3cfc003f9ec0194073e0375c,asset-review,replace-or-source-via-client,runtime,Image from attributed native/Wiki archives or undocumented export; underlying game artwork may have separate rights.,https://github.com/weirdgloop/osrs-dps-calc/blob/89c3e25/src/public/img/tabs/spells.png [exact SHA-256]
src/main/resources/com/dpscalc/weapon-styles.json,80aa8b5395bd8a549cc8079b1bd07059db38515e7bf505a61a65f343588a7095,675ba7a9b382758d74d20993885999f2fb14eb5e,gpl-data,replace,runtime,"Native/Wiki calculator data or generated fixtures per NOTICE; facts do not clear copied tables, generators or selection.",
src/main/resources/equipment-domain.json,7cd32e0b7d61a3b3318b235e626bc98f65bc5e3ebd4a8612501e21129a5e305b,ee589e1a6dafe1f850f1d23a1b093258b30173b0,gpl-data,replace,runtime,"Native/Wiki calculator data or generated fixtures per NOTICE; facts do not clear copied tables, generators or selection.",https://github.com/mcdalcin/better-dps-calculator/blob/3fd61bb/src/main/resources/equipment-domain.json [exact SHA-256] ; https://github.com/mcdalcin/better-dps-calculator/blob/3fd61bb/src/test/resources/equipment-domain.json [exact SHA-256]
src/test/java/com/dpscalc/AmmoApplicabilityTest.java,5b52639fe048efb6644f2919a094826ce5b74322c43ed8070662040dbb04f499,ee589e1a6dafe1f850f1d23a1b093258b30173b0,gpl-source,replace,test-only,Native GPL source match/path or substantial token signal; local edits do not establish relicensing rights.,https://github.com/mcdalcin/better-dps-calculator/blob/3fd61bb/src/test/java/com/dpscalc/AmmoApplicabilityTest.java [same filename]
src/test/java/com/dpscalc/AmmoValidityCalculationTest.java,4310705075a1aeccca7c8253a83e4fd831cbf8dff4b50a50e07ba38d977e4c13,ee589e1a6dafe1f850f1d23a1b093258b30173b0,gpl-source,replace,test-only,Native GPL source match/path or substantial token signal; local edits do not establish relicensing rights.,https://github.com/mcdalcin/better-dps-calculator/blob/3fd61bb/src/test/java/com/dpscalc/AmmoValidityCalculationTest.java [exact SHA-256]
src/test/java/com/dpscalc/AttackDistributionTest.java,3c659578b88e9b2510b77efbf6bc76093161d4dd8d1429c2e510409d7b42b90a,ee589e1a6dafe1f850f1d23a1b093258b30173b0,gpl-source,replace,test-only,Native GPL source match/path or substantial token signal; local edits do not establish relicensing rights.,https://github.com/mcdalcin/better-dps-calculator/blob/3fd61bb/src/test/java/com/dpscalc/AttackDistributionTest.java [exact SHA-256]
src/test/java/com/dpscalc/BankOptimizerPanelTest.java,1396a0be826f38705303fb9c445e3e0bcb4e50fa6ea10b3eb6d826057691b26f,10e45ea216379e6ea852be7726fa0d3f44caf2ac,local-candidate,review-and-adapt,test-only,Local history; absence of an archive match is not proof of independent authorship.,
src/test/java/com/dpscalc/BankOptimizerTest.java,9a2d8cd7ab7e45f86e5f152b13cb140271d2dc0874e705a0300a5ef71c44b7b3,10e45ea216379e6ea852be7726fa0d3f44caf2ac,local-candidate,review-and-adapt,test-only,Local history; absence of an archive match is not proof of independent authorship.,
src/test/java/com/dpscalc/CombatControlsTest.java,ea3d0b6913936c3a627e56ec10facad5ef5cbd323f114b334cd32c92f0fe8334,675ba7a9b382758d74d20993885999f2fb14eb5e,local-candidate,review-and-adapt,test-only,Local history; absence of an archive match is not proof of independent authorship.,
src/test/java/com/dpscalc/CombatTrackerTest.java,f3075479fa987927d9ea95a9aa38c700a154fcb083a9d10970f81364167dd0cc,97a12813a7ae84a440a1c1280a2c85260684a27c,local-candidate,review-and-adapt,test-only,Local history; absence of an archive match is not proof of independent authorship.,
src/test/java/com/dpscalc/ComparisonTableTest.java,a80b507eca45d2d63c6874988b048f9615a3a758a0f29a4308259ec649b9821f,1c60510de26ec7ed238da2f1df14a699fbb8f4df,local-candidate,review-and-adapt,test-only,Local history; absence of an archive match is not proof of independent authorship.,
src/test/java/com/dpscalc/ComplexDistributionBaselineTest.java,0dd7e555b1c259a439b39910364d4e255523b2403e7bf0e0e351de621ad08762,ee589e1a6dafe1f850f1d23a1b093258b30173b0,gpl-source,replace,test-only,Native GPL source match/path or substantial token signal; local edits do not establish relicensing rights.,https://github.com/mcdalcin/better-dps-calculator/blob/3fd61bb/src/test/java/com/dpscalc/ComplexDistributionBaselineTest.java [exact SHA-256]
src/test/java/com/dpscalc/DpsCalcPluginTest.java,5efa0bfd769cfbd26dd8c0341fdb300b917d3fbc8b3b7661037be7c990ff1518,ee589e1a6dafe1f850f1d23a1b093258b30173b0,gpl-source,replace,test-only,Native GPL source match/path or substantial token signal; local edits do not establish relicensing rights.,https://github.com/mcdalcin/better-dps-calculator/blob/3fd61bb/src/test/java/com/dpscalc/DpsCalcPluginTest.java [same filename]
src/test/java/com/dpscalc/DpsCalcTester.java,208b98b608ef78886a557fdd872b3e4628154cd5cde942db99894eeb4203e577,ee589e1a6dafe1f850f1d23a1b093258b30173b0,gpl-source,replace,test-only,Native GPL source match/path or substantial token signal; local edits do not establish relicensing rights.,https://github.com/mcdalcin/better-dps-calculator/blob/3fd61bb/src/test/java/com/dpscalc/DpsCalcTester.java [same filename]
src/test/java/com/dpscalc/DpsCalculatorTest.java,b230ea77701a40e5b5e25af06989757a27dc51d89a06888fdc5c7528f78e5a51,ee589e1a6dafe1f850f1d23a1b093258b30173b0,gpl-source,replace,test-only,Native GPL source match/path or substantial token signal; local edits do not establish relicensing rights.,https://github.com/mcdalcin/better-dps-calculator/blob/3fd61bb/src/test/java/com/dpscalc/DpsCalculatorTest.java [same filename]
src/test/java/com/dpscalc/DpsDiagnosticsFormatterTest.java,a7b109c7365de5dac0783857811c3ed47a32ed6285461e5904a87a8847fcb7ef,ee589e1a6dafe1f850f1d23a1b093258b30173b0,gpl-source,replace,test-only,Native GPL source match/path or substantial token signal; local edits do not establish relicensing rights.,https://github.com/mcdalcin/better-dps-calculator/blob/3fd61bb/src/test/java/com/dpscalc/DpsDiagnosticsFormatterTest.java [same filename]
src/test/java/com/dpscalc/EncounterTest.java,3136a68d83630a20a4be0340fd538c6ab0cc358374a4d8335f1ea7db769765b4,c0b98dd2098b5aa2901d5a04d0f22da90d7be3d5,local-candidate,review-and-adapt,test-only,Local history; absence of an archive match is not proof of independent authorship.,
src/test/java/com/dpscalc/EquipmentAttackSpeedTest.java,8b63e9132725f5a739b82bec6298f651addd7a87f8d845d81bab7a5045fd854e,ee589e1a6dafe1f850f1d23a1b093258b30173b0,gpl-source,replace,test-only,Native GPL source match/path or substantial token signal; local edits do not establish relicensing rights.,https://github.com/mcdalcin/better-dps-calculator/blob/3fd61bb/src/test/java/com/dpscalc/EquipmentAttackSpeedTest.java [exact SHA-256]
src/test/java/com/dpscalc/EquipmentCalculatorTest.java,62829cc80ba776516d226948ca215b1bf4dace9c85d284be394f9bbeb10fd310,ee589e1a6dafe1f850f1d23a1b093258b30173b0,gpl-source,replace,test-only,Native GPL source match/path or substantial token signal; local edits do not establish relicensing rights.,https://github.com/mcdalcin/better-dps-calculator/blob/3fd61bb/src/test/java/com/dpscalc/EquipmentCalculatorTest.java [exact SHA-256]
src/test/java/com/dpscalc/EquipmentDizanaTest.java,fc01b2f6bdfd41549c9091822c9ff316ccd61ae000d67015b30510caa02141f8,ee589e1a6dafe1f850f1d23a1b093258b30173b0,gpl-source,replace,test-only,Native GPL source match/path or substantial token signal; local edits do not establish relicensing rights.,https://github.com/mcdalcin/better-dps-calculator/blob/3fd61bb/src/test/java/com/dpscalc/EquipmentDizanaTest.java [exact SHA-256]
src/test/java/com/dpscalc/EquipmentDomainArtifactCharacterizationTest.java,b76b8685414707ec6e522c252921dfb5fec3d97be987e33304522c55e7f32ee4,ee589e1a6dafe1f850f1d23a1b093258b30173b0,gpl-source,replace,test-only,Native GPL source match/path or substantial token signal; local edits do not establish relicensing rights.,https://github.com/mcdalcin/better-dps-calculator/blob/3fd61bb/src/test/java/com/dpscalc/EquipmentDomainArtifactCharacterizationTest.java [same filename]
src/test/java/com/dpscalc/EquipmentDomainCatalogTest.java,d4868a1c57481b8ba629fdb6a738aedacd43083518ae31632ec027aed19f3d59,ee589e1a6dafe1f850f1d23a1b093258b30173b0,gpl-source,replace,test-only,Native GPL source match/path or substantial token signal; local edits do not establish relicensing rights.,https://github.com/mcdalcin/better-dps-calculator/blob/3fd61bb/src/test/java/com/dpscalc/EquipmentDomainCatalogTest.java [same filename]
src/test/java/com/dpscalc/EquipmentPreparationIntegrationTest.java,82386b54e521764052bb6b14ed188bba16a8ea39d234feb592e37cda0bbe2766,ee589e1a6dafe1f850f1d23a1b093258b30173b0,gpl-source,replace,test-only,Native GPL source match/path or substantial token signal; local edits do not establish relicensing rights.,https://github.com/mcdalcin/better-dps-calculator/blob/3fd61bb/src/test/java/com/dpscalc/EquipmentPreparationIntegrationTest.java [same filename]
src/test/java/com/dpscalc/EquipmentTestFixtures.java,327864958576fa2855a871e892c0e1f8f74322746d5e680e0acbc7f0208c7ffe,ee589e1a6dafe1f850f1d23a1b093258b30173b0,gpl-source,replace,test-only,Native GPL source match/path or substantial token signal; local edits do not establish relicensing rights.,https://github.com/mcdalcin/better-dps-calculator/blob/3fd61bb/src/test/java/com/dpscalc/EquipmentTestFixtures.java [same filename]
src/test/java/com/dpscalc/FixtureCandidateReplayTest.java,3206e7f40fc466be047a86ded4db4e3d6ed028c05d03c34df432252c7903293d,97a12813a7ae84a440a1c1280a2c85260684a27c,local-candidate,review-and-adapt,test-only,Local history; absence of an archive match is not proof of independent authorship.,
src/test/java/com/dpscalc/FixtureDocumentTest.java,a09b89e11ce0a25b794028ee62ea03c1958361c4d90e5e7584b99274c65b84e2,ee589e1a6dafe1f850f1d23a1b093258b30173b0,gpl-source,replace,test-only,Native GPL source match/path or substantial token signal; local edits do not establish relicensing rights.,https://github.com/mcdalcin/better-dps-calculator/blob/3fd61bb/src/test/java/com/dpscalc/FixtureDocumentTest.java [same filename]
src/test/java/com/dpscalc/FixtureEquipmentAdapter.java,aded54a7cc4b836936a0370d0c02b0cbe255de63c31a6b05325023879bc90ecf,ee589e1a6dafe1f850f1d23a1b093258b30173b0,gpl-source,replace,test-only,Native GPL source match/path or substantial token signal; local edits do not establish relicensing rights.,https://github.com/mcdalcin/better-dps-calculator/blob/3fd61bb/src/test/java/com/dpscalc/FixtureEquipmentAdapter.java [exact SHA-256]
src/test/java/com/dpscalc/FixtureReplayAssertions.java,bdf52b1b488ba2a11741f2fbcff3515939d214ba3eb30d806c580473bb02edef,ee589e1a6dafe1f850f1d23a1b093258b30173b0,gpl-source,replace,test-only,Native GPL source match/path or substantial token signal; local edits do not establish relicensing rights.,https://github.com/mcdalcin/better-dps-calculator/blob/3fd61bb/src/test/java/com/dpscalc/FixtureReplayAssertions.java [exact SHA-256]
src/test/java/com/dpscalc/FixtureReplayBaselineTest.java,ac895e5b95060ca4533db487e6ebf7a8cfd74cd03e52889698a130b4dcf9ec40,ee589e1a6dafe1f850f1d23a1b093258b30173b0,gpl-source,replace,test-only,Native GPL source match/path or substantial token signal; local edits do not establish relicensing rights.,https://github.com/mcdalcin/better-dps-calculator/blob/3fd61bb/src/test/java/com/dpscalc/FixtureReplayBaselineTest.java [exact SHA-256]
src/test/java/com/dpscalc/FixtureReplayTest.java,603e3a2f22c643ed55488ac89d7f03b5898a24c2c1c17de1323013bb8367bc7d,ee589e1a6dafe1f850f1d23a1b093258b30173b0,gpl-source,replace,test-only,Native GPL source match/path or substantial token signal; local edits do not establish relicensing rights.,https://github.com/mcdalcin/better-dps-calculator/blob/3fd61bb/src/test/java/com/dpscalc/FixtureReplayTest.java [exact SHA-256]
src/test/java/com/dpscalc/FixtureStateFactory.java,4b9b8ab9d31ead66476efd6b8d4b12bd212d44f185c24fcf898a68e1ad6a0e58,ee589e1a6dafe1f850f1d23a1b093258b30173b0,gpl-source,replace,test-only,Native GPL source match/path or substantial token signal; local edits do not establish relicensing rights.,https://github.com/mcdalcin/better-dps-calculator/blob/3fd61bb/src/test/java/com/dpscalc/FixtureStateFactory.java [exact SHA-256]
src/test/java/com/dpscalc/FixtureStateFactoryBaselineTest.java,750cad47c1ed709ebf5c8618ed40aa06aa2b5e212d7d9df1c25cddcaa0900a85,ee589e1a6dafe1f850f1d23a1b093258b30173b0,gpl-source,replace,test-only,Native GPL source match/path or substantial token signal; local edits do not establish relicensing rights.,https://github.com/mcdalcin/better-dps-calculator/blob/3fd61bb/src/test/java/com/dpscalc/FixtureStateFactoryBaselineTest.java [same filename]
src/test/java/com/dpscalc/FixtureStateFactoryTest.java,bb947e402b9d494995f3f18f3750aa456dda2be9613af41474e8dbfd7a264196,ee589e1a6dafe1f850f1d23a1b093258b30173b0,gpl-source,replace,test-only,Native GPL source match/path or substantial token signal; local edits do not establish relicensing rights.,https://github.com/mcdalcin/better-dps-calculator/blob/3fd61bb/src/test/java/com/dpscalc/FixtureStateFactoryTest.java [same filename]
src/test/java/com/dpscalc/FixtureV3CompatibilityTest.java,978a25148344797e3bee3aa137dc533148a453840f357fc799e397c5e3080e55,ee589e1a6dafe1f850f1d23a1b093258b30173b0,gpl-source,replace,test-only,Native GPL source match/path or substantial token signal; local edits do not establish relicensing rights.,https://github.com/mcdalcin/better-dps-calculator/blob/3fd61bb/src/test/java/com/dpscalc/FixtureV3CompatibilityTest.java [same filename]
src/test/java/com/dpscalc/GearSnapshotBuilder.java,c3010fa2072f90ef958473b053034f011473369586951d44f54eb4754ceb4bd3,ee589e1a6dafe1f850f1d23a1b093258b30173b0,gpl-source,replace,test-only,Native GPL source match/path or substantial token signal; local edits do not establish relicensing rights.,https://github.com/mcdalcin/better-dps-calculator/blob/3fd61bb/src/main/java/com/dpscalc/GearSnapshotBuilder.java [same filename] ; https://github.com/mcdalcin/better-dps-calculator/blob/3fd61bb/src/test/java/com/dpscalc/GearSnapshotBuilder.java [same filename]
src/test/java/com/dpscalc/GearSnapshotCalculationTest.java,bb9319e836e1dd0816a3da0bc588cddec9b967037f2c405a028364d7093cb717,ee589e1a6dafe1f850f1d23a1b093258b30173b0,gpl-source,replace,test-only,Native GPL source match/path or substantial token signal; local edits do not establish relicensing rights.,https://github.com/mcdalcin/better-dps-calculator/blob/3fd61bb/src/test/java/com/dpscalc/GearSnapshotCalculationTest.java [same filename]
src/test/java/com/dpscalc/GearSnapshotTest.java,583b28ec3a4b28e8c7fa46055098529df307836712bc78acdc6a818c92cb2a0a,ee589e1a6dafe1f850f1d23a1b093258b30173b0,gpl-source,replace,test-only,Native GPL source match/path or substantial token signal; local edits do not establish relicensing rights.,https://github.com/mcdalcin/better-dps-calculator/blob/3fd61bb/src/test/java/com/dpscalc/GearSnapshotTest.java [same filename]
src/test/java/com/dpscalc/HitDistributionTest.java,f1bc3e323fa5817ad3134f2676a629000bfe9b5849718f246a649d076564f431,ee589e1a6dafe1f850f1d23a1b093258b30173b0,gpl-source,replace,test-only,Native GPL source match/path or substantial token signal; local edits do not establish relicensing rights.,https://github.com/mcdalcin/better-dps-calculator/blob/3fd61bb/src/test/java/com/dpscalc/HitDistributionTest.java [exact SHA-256]
src/test/java/com/dpscalc/LiveMonsterContextProviderTest.java,666e1091240f20fc37ac16ed2ce199f63f3033b43baee9ae4acd945b3d8304b4,ee589e1a6dafe1f850f1d23a1b093258b30173b0,gpl-source,replace,test-only,Native GPL source match/path or substantial token signal; local edits do not establish relicensing rights.,https://github.com/mcdalcin/better-dps-calculator/blob/3fd61bb/src/test/java/com/dpscalc/LiveMonsterContextProviderTest.java [exact SHA-256]
src/test/java/com/dpscalc/LoadoutLibraryTest.java,197cc1e3711fb5ed97b0dd6e6693c7c5d8c9e6ff387f625694dc0e20ae9e5fcc,dacc1f88ac4867e071fa40ece955951edd41d47b,local-candidate,review-and-adapt,test-only,Local history; absence of an archive match is not proof of independent authorship.,
src/test/java/com/dpscalc/LowLevelPrayerTest.java,39687e6a2704d853605fde6e9e89c7e0ef51140ba368ecb311baa20bbb2dce72,ee589e1a6dafe1f850f1d23a1b093258b30173b0,gpl-source,replace,test-only,Native GPL source match/path or substantial token signal; local edits do not establish relicensing rights.,https://github.com/mcdalcin/better-dps-calculator/blob/3fd61bb/src/test/java/com/dpscalc/LowLevelPrayerTest.java [same filename]
src/test/java/com/dpscalc/MokhaoitlTest.java,829d2bd4309871c614a59b1cb646a0e6e647e209737f15e24c9c8fcb39713cdf,ee589e1a6dafe1f850f1d23a1b093258b30173b0,gpl-source,replace,test-only,Native GPL source match/path or substantial token signal; local edits do not establish relicensing rights.,https://github.com/mcdalcin/better-dps-calculator/blob/3fd61bb/src/test/java/com/dpscalc/MokhaoitlTest.java [same filename]
src/test/java/com/dpscalc/MonsterDataManagerTest.java,3d320a04c9e7bf3f5d069de7f7c3a9e84ec24772838a9acdaf11f09b84ab1edd,ee589e1a6dafe1f850f1d23a1b093258b30173b0,gpl-source,replace,test-only,Native GPL source match/path or substantial token signal; local edits do not establish relicensing rights.,https://github.com/mcdalcin/better-dps-calculator/blob/3fd61bb/src/test/java/com/dpscalc/MonsterDataManagerTest.java [same filename]
src/test/java/com/dpscalc/MonsterScalingTest.java,09cd2d905e101b0a90e30bfae3c8cf71c9080c36d41d8c9b306224e14c35cc8b,ee589e1a6dafe1f850f1d23a1b093258b30173b0,gpl-source,replace,test-only,Native GPL source match/path or substantial token signal; local edits do not establish relicensing rights.,https://github.com/mcdalcin/better-dps-calculator/blob/3fd61bb/src/test/java/com/dpscalc/MonsterScalingTest.java [exact SHA-256]
src/test/java/com/dpscalc/MonsterStatsCopyTest.java,5b343c76416a2902cde1c2423278353c3041ed22e2ad2353231b30b5606f0edd,ee589e1a6dafe1f850f1d23a1b093258b30173b0,gpl-source,replace,test-only,Native GPL source match/path or substantial token signal; local edits do not establish relicensing rights.,https://github.com/mcdalcin/better-dps-calculator/blob/3fd61bb/src/test/java/com/dpscalc/MonsterStatsCopyTest.java [exact SHA-256]
src/test/java/com/dpscalc/ParityComparatorTest.java,c71e2c6c9bfb2e54ad43d8621c1427701b98b32f055f5a0d3c5a511268e044ba,ee589e1a6dafe1f850f1d23a1b093258b30173b0,gpl-source,replace,test-only,Native GPL source match/path or substantial token signal; local edits do not establish relicensing rights.,https://github.com/mcdalcin/better-dps-calculator/blob/3fd61bb/src/test/java/com/dpscalc/ParityComparatorTest.java [exact SHA-256]
src/test/java/com/dpscalc/ParityEvaluator.java,5cc22d11054adc0f6ff158370b7d127ccb28c65b9ec858b0998de3a3dc584b37,ee589e1a6dafe1f850f1d23a1b093258b30173b0,gpl-source,replace,test-only,Native GPL source match/path or substantial token signal; local edits do not establish relicensing rights.,https://github.com/mcdalcin/better-dps-calculator/blob/3fd61bb/src/test/java/com/dpscalc/ParityEvaluator.java [exact SHA-256]
src/test/java/com/dpscalc/ParityEvaluatorTest.java,6b7bb7cdb8dbf8a80b77d54b891e6d5e7b704aec642ee2d9c7daa79e4566d32a,ee589e1a6dafe1f850f1d23a1b093258b30173b0,gpl-source,replace,test-only,Native GPL source match/path or substantial token signal; local edits do not establish relicensing rights.,https://github.com/mcdalcin/better-dps-calculator/blob/3fd61bb/src/test/java/com/dpscalc/ParityEvaluatorTest.java [exact SHA-256]
src/test/java/com/dpscalc/PlayerStateManagerTest.java,301ad12d4f3966da944713363cfd8324ce15ae146a674079716f55551dc5a6ae,ee589e1a6dafe1f850f1d23a1b093258b30173b0,gpl-source,replace,test-only,Native GPL source match/path or substantial token signal; local edits do not establish relicensing rights.,https://github.com/mcdalcin/better-dps-calculator/blob/3fd61bb/src/test/java/com/dpscalc/PlayerStateManagerTest.java [same filename]
src/test/java/com/dpscalc/RangedAmmoBaselineTest.java,7c7a53e92d4f3e1f7efd62e416e19dda78646849a99c836cd276631a8cb8f321,ee589e1a6dafe1f850f1d23a1b093258b30173b0,gpl-source,replace,test-only,Native GPL source match/path or substantial token signal; local edits do not establish relicensing rights.,https://github.com/mcdalcin/better-dps-calculator/blob/3fd61bb/src/test/java/com/dpscalc/RangedAmmoBaselineTest.java [exact SHA-256]
src/test/java/com/dpscalc/RangedDefenceTypeTest.java,91a436d184be5f31fac6d0507dafd49f1df6a138d4b2aa2184d1a61494558fc2,ee589e1a6dafe1f850f1d23a1b093258b30173b0,gpl-source,replace,test-only,Native GPL source match/path or substantial token signal; local edits do not establish relicensing rights.,https://github.com/mcdalcin/better-dps-calculator/blob/3fd61bb/src/test/java/com/dpscalc/RangedDefenceTypeTest.java [exact SHA-256]
src/test/java/com/dpscalc/ScenarioPanelTest.java,270454dadb540e53af70abf3abc0e97e8f22d26a5f9ebc1d7f61184be333f68f,ee589e1a6dafe1f850f1d23a1b093258b30173b0,local-candidate,review-and-adapt,test-only,Local history; absence of an archive match is not proof of independent authorship.,
src/test/java/com/dpscalc/ScenarioTest.java,6a6b925059556de67d819fda493bb516df71ac491627cc5e08f99fac8312e313,ee589e1a6dafe1f850f1d23a1b093258b30173b0,local-candidate,review-and-adapt,test-only,Local history; absence of an archive match is not proof of independent authorship.,
src/test/java/com/dpscalc/SidebarScrollingTest.java,373319c3b5e760f0ea6bfb9f38b75b5c6a9baec115ceb47c016016f081d62418,48255540019bb2d95ad94f798fc9c3fc9d26d170,local-candidate,review-and-adapt,test-only,Local history; absence of an archive match is not proof of independent authorship.,
src/test/java/com/dpscalc/TestUtils.java,44df34da637b5aefe8d1e15252134f257543ef0b65ea3929a40abcf17458ed20,ee589e1a6dafe1f850f1d23a1b093258b30173b0,gpl-source,replace,test-only,Native GPL source match/path or substantial token signal; local edits do not establish relicensing rights.,https://github.com/mcdalcin/better-dps-calculator/blob/3fd61bb/src/test/java/com/dpscalc/TestUtils.java [same filename]
src/test/java/com/dpscalc/fixture/FixtureDocument.java,70e034b15053e56c0840f5e8ee8f6295661e18aaf893b54b05cbba4b8126346e,ee589e1a6dafe1f850f1d23a1b093258b30173b0,gpl-source,replace,test-only,Native GPL source match/path or substantial token signal; local edits do not establish relicensing rights.,https://github.com/mcdalcin/better-dps-calculator/blob/3fd61bb/src/test/java/com/dpscalc/fixture/FixtureDocument.java [exact SHA-256]
src/test/java/com/dpscalc/fixture/FixtureDocumentException.java,bf4a77d2e8bf18799157e390b34d2a903ddd930e04e1d6cb85647567fa0dd9d0,ee589e1a6dafe1f850f1d23a1b093258b30173b0,gpl-source,replace,test-only,Native GPL source match/path or substantial token signal; local edits do not establish relicensing rights.,https://github.com/mcdalcin/better-dps-calculator/blob/3fd61bb/src/test/java/com/dpscalc/fixture/FixtureDocumentException.java [exact SHA-256]
src/test/java/com/dpscalc/fixture/FixtureDocumentLoader.java,2b281168397da8f1ded64994c5336ed2f710b9788f70cc96e034a53d37f59213,ee589e1a6dafe1f850f1d23a1b093258b30173b0,gpl-source,replace,test-only,Native GPL source match/path or substantial token signal; local edits do not establish relicensing rights.,https://github.com/mcdalcin/better-dps-calculator/blob/3fd61bb/src/test/java/com/dpscalc/fixture/FixtureDocumentLoader.java [same filename]
src/test/java/com/dpscalc/fixture/FixtureJsonValidator.java,620e9965fc8d97cd6e296d9a23910e2f113ad17429f10229c795188243b3e102,ee589e1a6dafe1f850f1d23a1b093258b30173b0,gpl-source,replace,test-only,Native GPL source match/path or substantial token signal; local edits do not establish relicensing rights.,https://github.com/mcdalcin/better-dps-calculator/blob/3fd61bb/src/test/java/com/dpscalc/fixture/FixtureJsonValidator.java [exact SHA-256]
src/test/java/com/dpscalc/fixture/FixtureOutputParser.java,c70abd7399c9104ec0ec34c526180c11e28b337b6f0890ee3640a01c7ff2174c,ee589e1a6dafe1f850f1d23a1b093258b30173b0,gpl-source,replace,test-only,Native GPL source match/path or substantial token signal; local edits do not establish relicensing rights.,https://github.com/mcdalcin/better-dps-calculator/blob/3fd61bb/src/test/java/com/dpscalc/fixture/FixtureOutputParser.java [exact SHA-256]
src/test/java/com/dpscalc/scenario/BankCaptureTest.java,c4530ee80b3787e2e0072b4aff0fb40b9286acc59dcac553d4c3b1f9a1f61f0f,10e45ea216379e6ea852be7726fa0d3f44caf2ac,local-candidate,review-and-adapt,test-only,Local history; absence of an archive match is not proof of independent authorship.,
src/test/java/com/dpscalc/scenario/BankLayoutPanelTest.java,0bf076614237eff608869b658b20ad1b5becfbccd393b3b34715c417a64af6fa,41aee86f8324969b1563c4e7795fb201e5c77ffe,local-candidate,review-and-adapt,test-only,Local history; absence of an archive match is not proof of independent authorship.,
src/test/java/com/dpscalc/scenario/BossImportRegressionTest.java,1b14626555f306185bf63dec3e5bc087ed9f05b403cd76f42c246fc7d05c30ea,4b80d5cd5e0d875b7cefa554bd9192f5d8961627,local-candidate,review-and-adapt,test-only,Local history; absence of an archive match is not proof of independent authorship.,
src/test/java/com/dpscalc/scenario/BossWikiAudit.java,5a5c7535db3792bfa6844b15cfe9a076ad0c314dee6d050aeaee4ed38a74adfc,4b80d5cd5e0d875b7cefa554bd9192f5d8961627,local-candidate,review-and-adapt,test-only,Local history; absence of an archive match is not proof of independent authorship.,
src/test/java/com/dpscalc/scenario/BossWikiCorpusTest.java,44a7fbeb6568bb2e77b2daf59ecd88f7f85af96a40329224c32eda2dc6f5aad7,4b80d5cd5e0d875b7cefa554bd9192f5d8961627,local-candidate,review-and-adapt,test-only,Local history; absence of an archive match is not proof of independent authorship.,
src/test/java/com/dpscalc/scenario/BossWikiDraftAuditTest.java,9190f3791acb05a7425686614176f6188ac16174b59ab3ca95291b928116ecf3,4b80d5cd5e0d875b7cefa554bd9192f5d8961627,local-candidate,review-and-adapt,test-only,Local history; absence of an archive match is not proof of independent authorship.,
src/test/java/com/dpscalc/scenario/CalculationCoordinatorTest.java,d6cd0295c2e79f578d59b09ab02fa892d553a97451612027628ebedc27af518b,97a12813a7ae84a440a1c1280a2c85260684a27c,local-candidate,review-and-adapt,test-only,Local history; absence of an archive match is not proof of independent authorship.,
src/test/java/com/dpscalc/scenario/SetupFeaturesTest.java,c7b0efd13a649e2e8ef49a51d1cad1daa9529cd74a8590e2ee19c8962b86984f,948742cd0026792e3150ed76f7b1ff20707a07ff,local-candidate,review-and-adapt,test-only,Local history; absence of an archive match is not proof of independent authorship.,
src/test/java/com/dpscalc/scenario/SetupUiTest.java,90aefe966fc9bc7daba26b894d3d5f833867e6dd114973ee25dc3474330b30e1,948742cd0026792e3150ed76f7b1ff20707a07ff,local-candidate,review-and-adapt,test-only,Local history; absence of an archive match is not proof of independent authorship.,
src/test/java/com/dpscalc/scenario/WikiSetupServiceTest.java,a5d016890c0d78e4376255a79fcaeb87cf7821964837d4ab25d9a6227705dca8,948742cd0026792e3150ed76f7b1ff20707a07ff,local-candidate,review-and-adapt,test-only,Local history; absence of an archive match is not proof of independent authorship.,
src/test/java/com/dpscalc/state/GearSnapshot.java,3305434273e699a71752c47b947b0972fb14756e624f62e91271ef6d5eac79ad,,gpl-source,replace,test-only,Native GPL source match/path or substantial token signal; local edits do not establish relicensing rights.,https://github.com/mcdalcin/better-dps-calculator/blob/3fd61bb/src/main/java/com/dpscalc/state/GearSnapshot.java [same filename]
src/test/java/com/dpscalc/wikisetups/bank/ExampleGearEnricherTest.java,9255d102e6bda43f2a89cd6371709b9b5e98d0500e9ec52995196ac159ed0086,948742cd0026792e3150ed76f7b1ff20707a07ff,bsd-adapted,retain-with-notices-and-review,test-only,BSD Wiki Gear Setups lineage/header; inspect local additions for other sources.,https://github.com/Jiimbones/wiki-gear-setups/blob/e836b8d156f0f5f9b7e6375bb04c52f21835ac19/src/test/java/com/wikigearsetups/bank/ExampleGearEnricherTest.java [same filename]
src/test/java/com/dpscalc/wikisetups/bank/InventoryResolverTest.java,6a9e12635eb68b0dfb29d711e9770df16dcf5d7d1b074724d2b83752f521aa00,948742cd0026792e3150ed76f7b1ff20707a07ff,bsd-adapted,retain-with-notices-and-review,test-only,BSD Wiki Gear Setups lineage/header; inspect local additions for other sources.,https://github.com/Jiimbones/wiki-gear-setups/blob/e836b8d156f0f5f9b7e6375bb04c52f21835ac19/src/test/java/com/wikigearsetups/bank/InventoryResolverTest.java [same filename]
src/test/java/com/dpscalc/wikisetups/bank/OwnershipResolverTest.java,c4fe4ba3084cae9f8b86e7ca7708c17e4411f36164cf2cf98b50117db96ab2e6,948742cd0026792e3150ed76f7b1ff20707a07ff,bsd-adapted,retain-with-notices-and-review,test-only,BSD Wiki Gear Setups lineage/header; inspect local additions for other sources.,https://github.com/Jiimbones/wiki-gear-setups/blob/e836b8d156f0f5f9b7e6375bb04c52f21835ac19/src/test/java/com/wikigearsetups/bank/OwnershipResolverTest.java [same filename]
src/test/java/com/dpscalc/wikisetups/bank/SlotAwareResolutionTest.java,a9098c942267dfb6a5468001974126c7c371394889cbc0ed5c6e466e44ebb799,4b80d5cd5e0d875b7cefa554bd9192f5d8961627,local-candidate,review-and-adapt,test-only,Local history; absence of an archive match is not proof of independent authorship.,
src/test/java/com/dpscalc/wikisetups/items/FakeItemNameIndex.java,30160df7c03d5710f2edecf9e04bfcef506b6ae7ded163f83da7b192f45ac022,948742cd0026792e3150ed76f7b1ff20707a07ff,bsd-adapted,retain-with-notices-and-review,test-only,BSD Wiki Gear Setups lineage/header; inspect local additions for other sources.,https://github.com/Jiimbones/wiki-gear-setups/blob/e836b8d156f0f5f9b7e6375bb04c52f21835ac19/src/test/java/com/wikigearsetups/items/FakeItemNameIndex.java [same filename]
src/test/java/com/dpscalc/wikisetups/items/ItemAliasesTest.java,6f61a515222b0b847fe0f9468f8f669a04c82b4f826fb08d40a3f1fe928ebf86,948742cd0026792e3150ed76f7b1ff20707a07ff,bsd-adapted,retain-with-notices-and-review,test-only,BSD Wiki Gear Setups lineage/header; inspect local additions for other sources.,https://github.com/Jiimbones/wiki-gear-setups/blob/e836b8d156f0f5f9b7e6375bb04c52f21835ac19/src/test/java/com/wikigearsetups/items/ItemAliasesTest.java [same filename]
src/test/java/com/dpscalc/wikisetups/items/ItemResolverTest.java,486b9e96089957d0c2a5bfeb42c17ba580389f4d81958c0c39eae7f30f09db60,948742cd0026792e3150ed76f7b1ff20707a07ff,bsd-adapted,retain-with-notices-and-review,test-only,BSD Wiki Gear Setups lineage/header; inspect local additions for other sources.,https://github.com/Jiimbones/wiki-gear-setups/blob/e836b8d156f0f5f9b7e6375bb04c52f21835ac19/src/test/java/com/wikigearsetups/items/ItemResolverTest.java [same filename]
src/test/java/com/dpscalc/wikisetups/wiki/ExampleSetupParserTest.java,8ddaafe03400524d03effaddd38d188888203530813b5e63e607136e7083e17f,948742cd0026792e3150ed76f7b1ff20707a07ff,bsd-adapted,retain-with-notices-and-review,test-only,BSD Wiki Gear Setups lineage/header; inspect local additions for other sources.,https://github.com/Jiimbones/wiki-gear-setups/blob/e836b8d156f0f5f9b7e6375bb04c52f21835ac19/src/test/java/com/wikigearsetups/wiki/ExampleSetupParserTest.java [same filename]
src/test/java/com/dpscalc/wikisetups/wiki/GearSetupParserTest.java,655242b0af18bc1040c70ce71e35c203dcdf6e296799c79bc4b73efefb201889,948742cd0026792e3150ed76f7b1ff20707a07ff,bsd-adapted,retain-with-notices-and-review,test-only,BSD Wiki Gear Setups lineage/header; inspect local additions for other sources.,https://github.com/Jiimbones/wiki-gear-setups/blob/e836b8d156f0f5f9b7e6375bb04c52f21835ac19/src/test/java/com/wikigearsetups/wiki/GearSetupParserTest.java [same filename]
src/test/java/com/dpscalc/wikisetups/wiki/GearSetupsTest.java,a7c92ea857a5fcd181393647241021c20cd65dfcc3e24ab6bacbb966b57c3e9b,948742cd0026792e3150ed76f7b1ff20707a07ff,bsd-adapted,retain-with-notices-and-review,test-only,BSD Wiki Gear Setups lineage/header; inspect local additions for other sources.,https://github.com/Jiimbones/wiki-gear-setups/blob/e836b8d156f0f5f9b7e6375bb04c52f21835ac19/src/test/java/com/wikigearsetups/wiki/GearSetupsTest.java [same filename]
src/test/java/com/dpscalc/wikisetups/wiki/InventoryParserTest.java,b893e948fd4aabbb62ea321d5ef95f381790abc66afef84c292085553fbcd1f2,948742cd0026792e3150ed76f7b1ff20707a07ff,bsd-adapted,retain-with-notices-and-review,test-only,BSD Wiki Gear Setups lineage/header; inspect local additions for other sources.,https://github.com/Jiimbones/wiki-gear-setups/blob/e836b8d156f0f5f9b7e6375bb04c52f21835ac19/src/test/java/com/wikigearsetups/wiki/InventoryParserTest.java [same filename]
src/test/java/com/dpscalc/wikisetups/wiki/PageDiscoveryTest.java,e4ffb3fce90b86b3155bd368d9a78fc33806b5f81b63b8a93999eb81e972f1b7,948742cd0026792e3150ed76f7b1ff20707a07ff,bsd-adapted,retain-with-notices-and-review,test-only,BSD Wiki Gear Setups lineage/header; inspect local additions for other sources.,https://github.com/Jiimbones/wiki-gear-setups/blob/e836b8d156f0f5f9b7e6375bb04c52f21835ac19/src/test/java/com/wikigearsetups/wiki/PageDiscoveryTest.java [same filename]
src/test/java/com/dpscalc/wikisetups/wiki/PageKindTest.java,827f81aa04dcf0c52cadf7fd154e2e8af5918aed77b7c2bf5c440a5e9d9baf2f,948742cd0026792e3150ed76f7b1ff20707a07ff,bsd-adapted,retain-with-notices-and-review,test-only,BSD Wiki Gear Setups lineage/header; inspect local additions for other sources.,https://github.com/Jiimbones/wiki-gear-setups/blob/e836b8d156f0f5f9b7e6375bb04c52f21835ac19/src/test/java/com/wikigearsetups/wiki/PageKindTest.java [same filename]
src/test/java/com/dpscalc/wikisetups/wiki/SetupPairingTest.java,fa58305df6b39c6718a8e819433460a7c7f8047d1731a6d287b96b0326e9e56e,948742cd0026792e3150ed76f7b1ff20707a07ff,bsd-adapted,retain-with-notices-and-review,test-only,BSD Wiki Gear Setups lineage/header; inspect local additions for other sources.,https://github.com/Jiimbones/wiki-gear-setups/blob/e836b8d156f0f5f9b7e6375bb04c52f21835ac19/src/test/java/com/wikigearsetups/wiki/SetupPairingTest.java [same filename]
src/test/java/com/tommy/wikidps/WikiDpsLauncher.java,1956cdab06c8deabacf729733915a8ece40e1e3d7baaa2a07920d4c5a9a48d7e,ee589e1a6dafe1f850f1d23a1b093258b30173b0,local-candidate,review-and-adapt,test-only,Local history; absence of an archive match is not proof of independent authorship.,
src/test/resources/boss-wiki/.gitattributes,a63a4cdb65b785250559ec6255b72b2f4beac72e93920a862db42b55e40cc409,4b80d5cd5e0d875b7cefa554bd9192f5d8961627,local-candidate,review-and-adapt,test-only,Local history; absence of an archive match is not proof of independent authorship.,
src/test/resources/boss-wiki/abyssal_sire.wikitext,7f2c1d9e5d4068e7cf59c7a5c9c647afd64b0c6a129a3db65daa695a50c5da1d,4b80d5cd5e0d875b7cefa554bd9192f5d8961627,wiki-content,separate-content-license,test-only,"Wiki content, CC BY-NC-SA 3.0 per NOTICE; not BSD code. Test-only, but present in source export.",
src/test/resources/boss-wiki/alchemical_hydra.wikitext,8ac77b5a58303a8bf1e9040fc28a58f451b90f65efa6809f6394ba743f607e80,4b80d5cd5e0d875b7cefa554bd9192f5d8961627,wiki-content,separate-content-license,test-only,"Wiki content, CC BY-NC-SA 3.0 per NOTICE; not BSD code. Test-only, but present in source export.",
src/test/resources/boss-wiki/amoxliatl.wikitext,a1551072ec797c80dba2127a61b61d66cf828c17816c55ef82bc21868421cae0,4b80d5cd5e0d875b7cefa554bd9192f5d8961627,wiki-content,separate-content-license,test-only,"Wiki content, CC BY-NC-SA 3.0 per NOTICE; not BSD code. Test-only, but present in source export.",
src/test/resources/boss-wiki/araxxor.wikitext,86be3a5fb90b33c3b9c1a3c8554d3c2674c2cf6706458a5487587fc0437db69e,4b80d5cd5e0d875b7cefa554bd9192f5d8961627,wiki-content,separate-content-license,test-only,"Wiki content, CC BY-NC-SA 3.0 per NOTICE; not BSD code. Test-only, but present in source export.",
src/test/resources/boss-wiki/barrows_chests.wikitext,8a990894922724d7c12d47a14bf439781e0b8ab1ee32ca7acd43f280a33649ca,4b80d5cd5e0d875b7cefa554bd9192f5d8961627,wiki-content,separate-content-license,test-only,"Wiki content, CC BY-NC-SA 3.0 per NOTICE; not BSD code. Test-only, but present in source export.",
src/test/resources/boss-wiki/brutus.wikitext,2e109a9f52094d56c8266932c00b7535de6d4405ee847d4ff2273cc40ccb7608,4b80d5cd5e0d875b7cefa554bd9192f5d8961627,wiki-content,separate-content-license,test-only,"Wiki content, CC BY-NC-SA 3.0 per NOTICE; not BSD code. Test-only, but present in source export.",
src/test/resources/boss-wiki/bryophyta.wikitext,78b84b4a1e1f0cea24e8f3d0498e4a421d5d3529eb0f901803b96cb4fb87e43a,4b80d5cd5e0d875b7cefa554bd9192f5d8961627,wiki-content,separate-content-license,test-only,"Wiki content, CC BY-NC-SA 3.0 per NOTICE; not BSD code. Test-only, but present in source export.",
src/test/resources/boss-wiki/callisto_and_artio.wikitext,eca1a6126c001bb262ffb81d822a3fc77b2d58b83d3a586e361ca8404da6f72f,4b80d5cd5e0d875b7cefa554bd9192f5d8961627,wiki-content,separate-content-license,test-only,"Wiki content, CC BY-NC-SA 3.0 per NOTICE; not BSD code. Test-only, but present in source export.",
src/test/resources/boss-wiki/callisto_and_artio_2.wikitext,0becbe58918904bb375d9ebf98a81fb20148b10a2e5b0aaa7cc6c5fb94efc6c6,4b80d5cd5e0d875b7cefa554bd9192f5d8961627,wiki-content,separate-content-license,test-only,"Wiki content, CC BY-NC-SA 3.0 per NOTICE; not BSD code. Test-only, but present in source export.",
src/test/resources/boss-wiki/cerberus.wikitext,df6e6eb1377619fb3b8960b2f462df8994b88358d5a85fa7dbca667a5e0dad42,4b80d5cd5e0d875b7cefa554bd9192f5d8961627,wiki-content,separate-content-license,test-only,"Wiki content, CC BY-NC-SA 3.0 per NOTICE; not BSD code. Test-only, but present in source export.",
src/test/resources/boss-wiki/chaos_elemental.wikitext,018c19411a798b88809c49260ccc9e816f1f8a9d7c85101e714f00a3bc028b88,4b80d5cd5e0d875b7cefa554bd9192f5d8961627,wiki-content,separate-content-license,test-only,"Wiki content, CC BY-NC-SA 3.0 per NOTICE; not BSD code. Test-only, but present in source export.",
src/test/resources/boss-wiki/chaos_fanatic.wikitext,22c75814da38c8c4491c19c8eb6ca298cc79b42d3f4bd2a55185c3ac4822ebad,4b80d5cd5e0d875b7cefa554bd9192f5d8961627,wiki-content,separate-content-license,test-only,"Wiki content, CC BY-NC-SA 3.0 per NOTICE; not BSD code. Test-only, but present in source export.",
src/test/resources/boss-wiki/commander_zilyana.wikitext,95528e7594b184e84f2550675273144d726e23b5643ebde7885d091f3a774011,4b80d5cd5e0d875b7cefa554bd9192f5d8961627,wiki-content,separate-content-license,test-only,"Wiki content, CC BY-NC-SA 3.0 per NOTICE; not BSD code. Test-only, but present in source export.",
src/test/resources/boss-wiki/component-searches.json,31a9acaa77b35ca426d852343f7e90f8a53e3e38d203d070d33be3ef4cd0df65,4b80d5cd5e0d875b7cefa554bd9192f5d8961627,wiki-content,separate-content-license,test-only,"Wiki content, CC BY-NC-SA 3.0 per NOTICE; not BSD code. Test-only, but present in source export.",
src/test/resources/boss-wiki/corporeal_beast.wikitext,bb3b40bb557775e7455ac666e96cd0d91a2aa6f6c774ed8812faeafafa103fbb,4b80d5cd5e0d875b7cefa554bd9192f5d8961627,wiki-content,separate-content-license,test-only,"Wiki content, CC BY-NC-SA 3.0 per NOTICE; not BSD code. Test-only, but present in source export.",
src/test/resources/boss-wiki/crazy_archaeologist.wikitext,bed42c22a34faac895f957433d9085dde9cb1b45e24beec42af067840454c620,4b80d5cd5e0d875b7cefa554bd9192f5d8961627,wiki-content,separate-content-license,test-only,"Wiki content, CC BY-NC-SA 3.0 per NOTICE; not BSD code. Test-only, but present in source export.",
src/test/resources/boss-wiki/dagannoth_kings.wikitext,d22617c71efce603ffdc4451f23e36b800b735e3adf494c9534fed001bcb6a33,4b80d5cd5e0d875b7cefa554bd9192f5d8961627,wiki-content,separate-content-license,test-only,"Wiki content, CC BY-NC-SA 3.0 per NOTICE; not BSD code. Test-only, but present in source export.",
src/test/resources/boss-wiki/deranged_archaeologist.wikitext,57ef5141316fcaa6630f8625ba996117fe282f8f3915f636865271a36544c5ea,4b80d5cd5e0d875b7cefa554bd9192f5d8961627,wiki-content,separate-content-license,test-only,"Wiki content, CC BY-NC-SA 3.0 per NOTICE; not BSD code. Test-only, but present in source export.",
src/test/resources/boss-wiki/doom_of_mokhaiotl.wikitext,13b87a2e7f10a79bff628128a97b78148cfa3847a23f471a26dc285589bdc5f6,4b80d5cd5e0d875b7cefa554bd9192f5d8961627,wiki-content,separate-content-license,test-only,"Wiki content, CC BY-NC-SA 3.0 per NOTICE; not BSD code. Test-only, but present in source export.",
src/test/resources/boss-wiki/duke_sucellus.wikitext,2ccf82e640f72cec7461a5ec2cc9d0564d5b074d14756872c7393d41197cc1ff,4b80d5cd5e0d875b7cefa554bd9192f5d8961627,wiki-content,separate-content-license,test-only,"Wiki content, CC BY-NC-SA 3.0 per NOTICE; not BSD code. Test-only, but present in source export.",
src/test/resources/boss-wiki/expected.json,a85831e134d23c684d4b5ac4612d6b5ed488b1f5c79e94cea2ab6dd26c4a4dad,4b80d5cd5e0d875b7cefa554bd9192f5d8961627,local-candidate,review-and-adapt,test-only,Local history; absence of an archive match is not proof of independent authorship.,
src/test/resources/boss-wiki/fortis_colosseum.wikitext,e3785c3a80d2395f7d471ac61b38f627ad54e55bbda47f5e175abcf06028ad71,4b80d5cd5e0d875b7cefa554bd9192f5d8961627,wiki-content,separate-content-license,test-only,"Wiki content, CC BY-NC-SA 3.0 per NOTICE; not BSD code. Test-only, but present in source export.",
src/test/resources/boss-wiki/general_graardor.wikitext,02eb4948a2841bc5283709e99103e34395d065980be7645dfacdee2fd5357f4d,4b80d5cd5e0d875b7cefa554bd9192f5d8961627,wiki-content,separate-content-license,test-only,"Wiki content, CC BY-NC-SA 3.0 per NOTICE; not BSD code. Test-only, but present in source export.",
src/test/resources/boss-wiki/giant_mole.wikitext,3864dbd6741185226373606aac6abdf16c05a99ae330b055ffd574c900381407,4b80d5cd5e0d875b7cefa554bd9192f5d8961627,wiki-content,separate-content-license,test-only,"Wiki content, CC BY-NC-SA 3.0 per NOTICE; not BSD code. Test-only, but present in source export.",
src/test/resources/boss-wiki/grotesque_guardians.wikitext,bc46b85d1bd721c8c5eaec16f41e727664d15f1c181a6dc20090c49f960d2663,4b80d5cd5e0d875b7cefa554bd9192f5d8961627,wiki-content,separate-content-license,test-only,"Wiki content, CC BY-NC-SA 3.0 per NOTICE; not BSD code. Test-only, but present in source export.",
src/test/resources/boss-wiki/hespori.wikitext,ca55c3c6e315741d1a028bc3389c9c6369aa9108de23aad6c1ac90bab788c73e,4b80d5cd5e0d875b7cefa554bd9192f5d8961627,wiki-content,separate-content-license,test-only,"Wiki content, CC BY-NC-SA 3.0 per NOTICE; not BSD code. Test-only, but present in source export.",
src/test/resources/boss-wiki/item-names.json,1a40af75df6bd726194897c82b51d97e0c97eda20041ee995f0dc165c353c71e,4b80d5cd5e0d875b7cefa554bd9192f5d8961627,game-data,verify-data-rights,test-only,RuneLite cache export of Jagex item names; do not claim BSD ownership.,
src/test/resources/boss-wiki/k_ril_tsutsaroth.wikitext,321cb1d60ee7361d036ec4cfd8e2893fb6057517e122a737c24996374cdc276d,4b80d5cd5e0d875b7cefa554bd9192f5d8961627,wiki-content,separate-content-license,test-only,"Wiki content, CC BY-NC-SA 3.0 per NOTICE; not BSD code. Test-only, but present in source export.",
src/test/resources/boss-wiki/kalphite_queen.wikitext,ed165ffdb94ed50b077eed51dc136e543415c44add6ff8ab07ddcafe5175c79d,4b80d5cd5e0d875b7cefa554bd9192f5d8961627,wiki-content,separate-content-license,test-only,"Wiki content, CC BY-NC-SA 3.0 per NOTICE; not BSD code. Test-only, but present in source export.",
src/test/resources/boss-wiki/king_black_dragon.wikitext,abfcc6ee58101934962058f1f5c60bf1dc287d4ed3a26da0853d920bc315361f,4b80d5cd5e0d875b7cefa554bd9192f5d8961627,wiki-content,separate-content-license,test-only,"Wiki content, CC BY-NC-SA 3.0 per NOTICE; not BSD code. Test-only, but present in source export.",
src/test/resources/boss-wiki/kraken.wikitext,1b1161d50fd9cf9d60248b7ed85011c5de25ac2a105e7a8dca4339a337dd0242,4b80d5cd5e0d875b7cefa554bd9192f5d8961627,wiki-content,separate-content-license,test-only,"Wiki content, CC BY-NC-SA 3.0 per NOTICE; not BSD code. Test-only, but present in source export.",
src/test/resources/boss-wiki/kree_arra.wikitext,330de0858a17b5f577dc2c27ad53c271be0e4fa9b24ee3f5ba888fa7636cf0f1,4b80d5cd5e0d875b7cefa554bd9192f5d8961627,wiki-content,separate-content-license,test-only,"Wiki content, CC BY-NC-SA 3.0 per NOTICE; not BSD code. Test-only, but present in source export.",
src/test/resources/boss-wiki/maggot_king.wikitext,cff535655005d5589ec306a25c23869f8ef5bdd662778b2b305f7131221b9eaf,4b80d5cd5e0d875b7cefa554bd9192f5d8961627,wiki-content,separate-content-license,test-only,"Wiki content, CC BY-NC-SA 3.0 per NOTICE; not BSD code. Test-only, but present in source export.",
src/test/resources/boss-wiki/manifest.json,293f989e08d8483d155fa4666f6e3c5852b1d0ca1c638018e886eebb46aa9083,4b80d5cd5e0d875b7cefa554bd9192f5d8961627,local-candidate,review-and-adapt,test-only,Local history; absence of an archive match is not proof of independent authorship.,
src/test/resources/boss-wiki/moons_of_peril.wikitext,5423cbd461fcbd8e25e1a6a1d1168cd726f7b5a7b069ce0d641e792caa91db1b,4b80d5cd5e0d875b7cefa554bd9192f5d8961627,wiki-content,separate-content-license,test-only,"Wiki content, CC BY-NC-SA 3.0 per NOTICE; not BSD code. Test-only, but present in source export.",
src/test/resources/boss-wiki/nex.wikitext,6d0ce73d21f5f0bb8b7602c04e71704e9a332f4c2144ff1636f90defc4f4efe3,4b80d5cd5e0d875b7cefa554bd9192f5d8961627,wiki-content,separate-content-license,test-only,"Wiki content, CC BY-NC-SA 3.0 per NOTICE; not BSD code. Test-only, but present in source export.",
src/test/resources/boss-wiki/obor.wikitext,3d32fe2693f039d5e59e4bc9a5a50e56c58eb663c187e2b98d047abcbe125aef,4b80d5cd5e0d875b7cefa554bd9192f5d8961627,wiki-content,separate-content-license,test-only,"Wiki content, CC BY-NC-SA 3.0 per NOTICE; not BSD code. Test-only, but present in source export.",
src/test/resources/boss-wiki/phantom_muspah.wikitext,8e00bdc1abd954c4024d8062daa1f5f6512fd3801e7da31339289251f01b0533,4b80d5cd5e0d875b7cefa554bd9192f5d8961627,wiki-content,separate-content-license,test-only,"Wiki content, CC BY-NC-SA 3.0 per NOTICE; not BSD code. Test-only, but present in source export.",
src/test/resources/boss-wiki/royal_titans.wikitext,5918c787c0db3b80a037061ccb0f1aabcc8eca6a466506bd3e153e8d4e9cfa43,4b80d5cd5e0d875b7cefa554bd9192f5d8961627,wiki-content,separate-content-license,test-only,"Wiki content, CC BY-NC-SA 3.0 per NOTICE; not BSD code. Test-only, but present in source export.",
src/test/resources/boss-wiki/sarachnis.wikitext,c95a7f6e978aad21fa156771ce0b741f44066b30bd6989ff3da432c42dbdce43,4b80d5cd5e0d875b7cefa554bd9192f5d8961627,wiki-content,separate-content-license,test-only,"Wiki content, CC BY-NC-SA 3.0 per NOTICE; not BSD code. Test-only, but present in source export.",
src/test/resources/boss-wiki/scorpia.wikitext,cafb249644b7a90891427c95115d3ab670c2904b301e445d05f9d482e0cf01f6,4b80d5cd5e0d875b7cefa554bd9192f5d8961627,wiki-content,separate-content-license,test-only,"Wiki content, CC BY-NC-SA 3.0 per NOTICE; not BSD code. Test-only, but present in source export.",
src/test/resources/boss-wiki/scurrius.wikitext,ca4fe8f864030b88ad42f36d6c3b7fce3b8ebb09083572bbf073839e672e49f0,4b80d5cd5e0d875b7cefa554bd9192f5d8961627,wiki-content,separate-content-license,test-only,"Wiki content, CC BY-NC-SA 3.0 per NOTICE; not BSD code. Test-only, but present in source export.",
src/test/resources/boss-wiki/shellbane_gryphon.wikitext,b8d11c70f2bb21f3f5e3ee24f5946f18e242b917b540711e1bbf1b9c0a4b324a,4b80d5cd5e0d875b7cefa554bd9192f5d8961627,wiki-content,separate-content-license,test-only,"Wiki content, CC BY-NC-SA 3.0 per NOTICE; not BSD code. Test-only, but present in source export.",
src/test/resources/boss-wiki/skotizo.wikitext,830f52242ac1b5264cee5cb5fa0bde25b66f365de22d69dab3d66f26278e9669,4b80d5cd5e0d875b7cefa554bd9192f5d8961627,wiki-content,separate-content-license,test-only,"Wiki content, CC BY-NC-SA 3.0 per NOTICE; not BSD code. Test-only, but present in source export.",
src/test/resources/boss-wiki/tempoross.wikitext,231fad75d828042e3640fb69b5bc271b71adef622dce1fe243e4f99d47370572,4b80d5cd5e0d875b7cefa554bd9192f5d8961627,wiki-content,separate-content-license,test-only,"Wiki content, CC BY-NC-SA 3.0 per NOTICE; not BSD code. Test-only, but present in source export.",
src/test/resources/boss-wiki/the_fight_caves.wikitext,817fe857f1cdc9677b08c0a5264a445ef4eec2eb7b7d9aad9fa7815606f389fc,4b80d5cd5e0d875b7cefa554bd9192f5d8961627,wiki-content,separate-content-license,test-only,"Wiki content, CC BY-NC-SA 3.0 per NOTICE; not BSD code. Test-only, but present in source export.",
src/test/resources/boss-wiki/the_gauntlet.wikitext,e6264cdcd4c580c408cc5a3f867679f29a3f7fdf88c6e27aadc6fe3d4b00a36c,4b80d5cd5e0d875b7cefa554bd9192f5d8961627,wiki-content,separate-content-license,test-only,"Wiki content, CC BY-NC-SA 3.0 per NOTICE; not BSD code. Test-only, but present in source export.",
src/test/resources/boss-wiki/the_hueycoatl.wikitext,542eab153ab857888ed72869e184714f01bac90440e504837582f5c6d487f01b,4b80d5cd5e0d875b7cefa554bd9192f5d8961627,wiki-content,separate-content-license,test-only,"Wiki content, CC BY-NC-SA 3.0 per NOTICE; not BSD code. Test-only, but present in source export.",
src/test/resources/boss-wiki/the_inferno.wikitext,2fae8123281c6655eb13f61ca75b71d01c77f63ebc75ce507d7d9cbc0b5d71a0,4b80d5cd5e0d875b7cefa554bd9192f5d8961627,wiki-content,separate-content-license,test-only,"Wiki content, CC BY-NC-SA 3.0 per NOTICE; not BSD code. Test-only, but present in source export.",
src/test/resources/boss-wiki/the_leviathan.wikitext,214e8f18b1758c1b05b7c9a1777957a0e2e4b97bc8bb87516e861550b40f3370,4b80d5cd5e0d875b7cefa554bd9192f5d8961627,wiki-content,separate-content-license,test-only,"Wiki content, CC BY-NC-SA 3.0 per NOTICE; not BSD code. Test-only, but present in source export.",
src/test/resources/boss-wiki/the_mad_angel.wikitext,dbe087da67a47696782bd427c874f0a9e78120238f3ffe53061769c4906cd5ac,4b80d5cd5e0d875b7cefa554bd9192f5d8961627,wiki-content,separate-content-license,test-only,"Wiki content, CC BY-NC-SA 3.0 per NOTICE; not BSD code. Test-only, but present in source export.",
src/test/resources/boss-wiki/the_nightmare.wikitext,18ae96188416cd5d642cd54acab3c3996a0e917e2c3ba4520490c70718f308c3,4b80d5cd5e0d875b7cefa554bd9192f5d8961627,wiki-content,separate-content-license,test-only,"Wiki content, CC BY-NC-SA 3.0 per NOTICE; not BSD code. Test-only, but present in source export.",
src/test/resources/boss-wiki/the_nightmare_2.wikitext,43367825bdf1f9dd4d9bd2741495b470f6fe9f4cd89e7575e9848c920248fc71,4b80d5cd5e0d875b7cefa554bd9192f5d8961627,wiki-content,separate-content-license,test-only,"Wiki content, CC BY-NC-SA 3.0 per NOTICE; not BSD code. Test-only, but present in source export.",
src/test/resources/boss-wiki/the_whisperer.wikitext,4d11858978e6297cad7e8de6d7e9eda881984e439ebc2c3e40316981d6dc7a46,4b80d5cd5e0d875b7cefa554bd9192f5d8961627,wiki-content,separate-content-license,test-only,"Wiki content, CC BY-NC-SA 3.0 per NOTICE; not BSD code. Test-only, but present in source export.",
src/test/resources/boss-wiki/thermonuclear_smoke_devil.wikitext,8c1a6c4356463f282d7ad16772e82e920d36e1d2f3ca6b8e511e5da33d816084,4b80d5cd5e0d875b7cefa554bd9192f5d8961627,wiki-content,separate-content-license,test-only,"Wiki content, CC BY-NC-SA 3.0 per NOTICE; not BSD code. Test-only, but present in source export.",
src/test/resources/boss-wiki/vardorvis.wikitext,edd2a60a188ed833c87681e10bbc730c62d8a74bc0325aad526d46748a035157,4b80d5cd5e0d875b7cefa554bd9192f5d8961627,wiki-content,separate-content-license,test-only,"Wiki content, CC BY-NC-SA 3.0 per NOTICE; not BSD code. Test-only, but present in source export.",
src/test/resources/boss-wiki/venenatis_and_spindel.wikitext,2f2db28003c25cc96396bc425d3605e8a11bd3e57fdc7f9371865964c9cfa25b,4b80d5cd5e0d875b7cefa554bd9192f5d8961627,wiki-content,separate-content-license,test-only,"Wiki content, CC BY-NC-SA 3.0 per NOTICE; not BSD code. Test-only, but present in source export.",
src/test/resources/boss-wiki/venenatis_and_spindel_2.wikitext,d2a953c842c9ece57d3fe47e9db5bcb0a75c9b1bf2a4c28349986674b07415ec,4b80d5cd5e0d875b7cefa554bd9192f5d8961627,wiki-content,separate-content-license,test-only,"Wiki content, CC BY-NC-SA 3.0 per NOTICE; not BSD code. Test-only, but present in source export.",
src/test/resources/boss-wiki/vetion_and_calvarion.wikitext,686054adfe2a589d627f254684b30cc47d4fbe3ea15f9a9b8edf20f356feb873,4b80d5cd5e0d875b7cefa554bd9192f5d8961627,wiki-content,separate-content-license,test-only,"Wiki content, CC BY-NC-SA 3.0 per NOTICE; not BSD code. Test-only, but present in source export.",
src/test/resources/boss-wiki/vetion_and_calvarion_2.wikitext,83d820ee9b086768a509211afb68e12051ac2b22a2d293afdce7660adbde243b,4b80d5cd5e0d875b7cefa554bd9192f5d8961627,wiki-content,separate-content-license,test-only,"Wiki content, CC BY-NC-SA 3.0 per NOTICE; not BSD code. Test-only, but present in source export.",
src/test/resources/boss-wiki/vorkath.wikitext,642a87403cd7919d29c071cebc8a3b1e82d5dac0696b04bd16209eb50b8e3cf6,4b80d5cd5e0d875b7cefa554bd9192f5d8961627,wiki-content,separate-content-license,test-only,"Wiki content, CC BY-NC-SA 3.0 per NOTICE; not BSD code. Test-only, but present in source export.",
src/test/resources/boss-wiki/wintertodt.wikitext,1621cc6c532fa65aa6fb226aa3565e2fe81d2cf0764c8c93aafb3fb712fbcbeb,4b80d5cd5e0d875b7cefa554bd9192f5d8961627,wiki-content,separate-content-license,test-only,"Wiki content, CC BY-NC-SA 3.0 per NOTICE; not BSD code. Test-only, but present in source export.",
src/test/resources/boss-wiki/yama.wikitext,4454b81ae04262d388587a7503ef7f261035d2403de590972afc3f03f1edb1cc,4b80d5cd5e0d875b7cefa554bd9192f5d8961627,wiki-content,separate-content-license,test-only,"Wiki content, CC BY-NC-SA 3.0 per NOTICE; not BSD code. Test-only, but present in source export.",
src/test/resources/boss-wiki/zalcano.wikitext,8e9ec0d690dd8cddf9e435d2a3834bc8c2e4e68a189f0e804c9977eb2829156e,4b80d5cd5e0d875b7cefa554bd9192f5d8961627,wiki-content,separate-content-license,test-only,"Wiki content, CC BY-NC-SA 3.0 per NOTICE; not BSD code. Test-only, but present in source export.",
src/test/resources/boss-wiki/zulrah.wikitext,997dfed5dd9bb99460f1a5937deb7cbdb48c8935a2350bc37247dc83226553a8,4b80d5cd5e0d875b7cefa554bd9192f5d8961627,wiki-content,separate-content-license,test-only,"Wiki content, CC BY-NC-SA 3.0 per NOTICE; not BSD code. Test-only, but present in source export.",
src/test/resources/equipment-domain.json,7cd32e0b7d61a3b3318b235e626bc98f65bc5e3ebd4a8612501e21129a5e305b,ee589e1a6dafe1f850f1d23a1b093258b30173b0,gpl-data,replace,test-only,"Native/Wiki calculator data or generated fixtures per NOTICE; facts do not clear copied tables, generators or selection.",https://github.com/mcdalcin/better-dps-calculator/blob/3fd61bb/src/main/resources/equipment-domain.json [exact SHA-256] ; https://github.com/mcdalcin/better-dps-calculator/blob/3fd61bb/src/test/resources/equipment-domain.json [exact SHA-256]
src/test/resources/equipment-oracle.json,4dbc06d980212275cbf4d2cc3ec4eab3a94d49374874a3e8ddf152d5d8adff00,ee589e1a6dafe1f850f1d23a1b093258b30173b0,gpl-data,replace,test-only,"Native/Wiki calculator data or generated fixtures per NOTICE; facts do not clear copied tables, generators or selection.",https://github.com/mcdalcin/better-dps-calculator/blob/3fd61bb/src/test/resources/equipment-oracle.json [exact SHA-256]
src/test/resources/fixtures-v3.json,73c3a69d7f1af14db17376e3e8948d3b9355e458a66f4810427e8b13cb402101,ee589e1a6dafe1f850f1d23a1b093258b30173b0,gpl-data,replace,test-only,"Native/Wiki calculator data or generated fixtures per NOTICE; facts do not clear copied tables, generators or selection.",https://github.com/mcdalcin/better-dps-calculator/blob/3fd61bb/src/test/resources/fixtures-v3.json [exact SHA-256]
src/test/resources/fixtures.json,0b0f5d02ecf09f69385086d340d215dec0356f16c8e7d72116428cdfd4dbfd7f,ee589e1a6dafe1f850f1d23a1b093258b30173b0,gpl-data,replace,test-only,"Native/Wiki calculator data or generated fixtures per NOTICE; facts do not clear copied tables, generators or selection.",https://github.com/mcdalcin/better-dps-calculator/blob/3fd61bb/src/test/resources/fixtures.json [exact SHA-256]
src/test/resources/fixtures/alchemical-hydra-strategies.wikitext,39b2743a15ac392b2b38fee3248fa3bc639efb83543aaddd8601410531774617,948742cd0026792e3150ed76f7b1ff20707a07ff,wiki-content,separate-content-license,test-only,"Wiki content, CC BY-NC-SA 3.0 per NOTICE; not BSD code. Test-only, but present in source export.",https://github.com/Jiimbones/wiki-gear-setups/blob/e836b8d156f0f5f9b7e6375bb04c52f21835ac19/src/test/resources/fixtures/alchemical-hydra-strategies.wikitext [exact SHA-256]
src/test/resources/fixtures/araxxor-strategies.wikitext,86be3a5fb90b33c3b9c1a3c8554d3c2674c2cf6706458a5487587fc0437db69e,06d45a5f2a52cd101fbf9c98d50ec1e21eb36ea8,wiki-content,separate-content-license,test-only,"Wiki content, CC BY-NC-SA 3.0 per NOTICE; not BSD code. Test-only, but present in source export.",
src/test/resources/fixtures/cox-strategies.wikitext,b30b93b9e7c28b9fd16f342156f805ee7091394c7f26bf2d9d4d6672e30bd542,948742cd0026792e3150ed76f7b1ff20707a07ff,wiki-content,separate-content-license,test-only,"Wiki content, CC BY-NC-SA 3.0 per NOTICE; not BSD code. Test-only, but present in source export.",https://github.com/Jiimbones/wiki-gear-setups/blob/e836b8d156f0f5f9b7e6375bb04c52f21835ac19/src/test/resources/fixtures/cox-strategies.wikitext [exact SHA-256]
src/test/resources/fixtures/dragon-slayer-ii.wikitext,7828e3df48cb50c2f124f3da84b20bbeb78187313c113529adff0e9ad4b0f907,948742cd0026792e3150ed76f7b1ff20707a07ff,wiki-content,separate-content-license,test-only,"Wiki content, CC BY-NC-SA 3.0 per NOTICE; not BSD code. Test-only, but present in source export.",https://github.com/Jiimbones/wiki-gear-setups/blob/e836b8d156f0f5f9b7e6375bb04c52f21835ac19/src/test/resources/fixtures/dragon-slayer-ii.wikitext [exact SHA-256]
src/test/resources/fixtures/gemstone-crab-strategies.wikitext,98133ef77d9b1bc16b5e2319f8f3a625f01bc2f205c7684037136454d5471d96,948742cd0026792e3150ed76f7b1ff20707a07ff,wiki-content,separate-content-license,test-only,"Wiki content, CC BY-NC-SA 3.0 per NOTICE; not BSD code. Test-only, but present in source export.",
src/test/resources/fixtures/general-graardor-strategies.wikitext,d5d4d57c2aba935e5f90b40fcd78dbd4d532cf4f9c5d4b6901d6aaab637745cb,948742cd0026792e3150ed76f7b1ff20707a07ff,wiki-content,separate-content-license,test-only,"Wiki content, CC BY-NC-SA 3.0 per NOTICE; not BSD code. Test-only, but present in source export.",
src/test/resources/fixtures/gotr-strategies.wikitext,f1307c92369b27376882a58a3fd50ae28fcd5fc9d618cab5758566a120a4b23b,948742cd0026792e3150ed76f7b1ff20707a07ff,wiki-content,separate-content-license,test-only,"Wiki content, CC BY-NC-SA 3.0 per NOTICE; not BSD code. Test-only, but present in source export.",https://github.com/Jiimbones/wiki-gear-setups/blob/e836b8d156f0f5f9b7e6375bb04c52f21835ac19/src/test/resources/fixtures/gotr-strategies.wikitext [exact SHA-256]
src/test/resources/fixtures/nechryael-slayer-task.wikitext,11b34642febb52423b031a3748328084f52b84e5482717571ec67741e956e7a7,948742cd0026792e3150ed76f7b1ff20707a07ff,wiki-content,separate-content-license,test-only,"Wiki content, CC BY-NC-SA 3.0 per NOTICE; not BSD code. Test-only, but present in source export.",
src/test/resources/fixtures/phantom-muspah-strategies.wikitext,1bb480481b9077ba3062e10e20f75f949c2ea484e4d9730f3f75a0abc0d5ccc8,948742cd0026792e3150ed76f7b1ff20707a07ff,wiki-content,separate-content-license,test-only,"Wiki content, CC BY-NC-SA 3.0 per NOTICE; not BSD code. Test-only, but present in source export.",
src/test/resources/fixtures/theatre-of-blood-strategies.wikitext,b48ab3a934064fb04a0342946aca61b2749ac08bdd943041c162657140416a88,948742cd0026792e3150ed76f7b1ff20707a07ff,wiki-content,separate-content-license,test-only,"Wiki content, CC BY-NC-SA 3.0 per NOTICE; not BSD code. Test-only, but present in source export.",
src/test/resources/fixtures/toa-strategies.wikitext,131d6d688e1162ea229ebc39d4ff6ef3e14b72343f7c98fe90c0886734e94e3d,948742cd0026792e3150ed76f7b1ff20707a07ff,wiki-content,separate-content-license,test-only,"Wiki content, CC BY-NC-SA 3.0 per NOTICE; not BSD code. Test-only, but present in source export.",https://github.com/Jiimbones/wiki-gear-setups/blob/e836b8d156f0f5f9b7e6375bb04c52f21835ac19/src/test/resources/fixtures/toa-strategies.wikitext [exact SHA-256]
src/test/resources/fixtures/tob-setups-guide.wikitext,672a6bfdd56f5595e4827321f41447e7a3469dcd51bc78fda2111fa6e68c6094,948742cd0026792e3150ed76f7b1ff20707a07ff,wiki-content,separate-content-license,test-only,"Wiki content, CC BY-NC-SA 3.0 per NOTICE; not BSD code. Test-only, but present in source export.",https://github.com/Jiimbones/wiki-gear-setups/blob/e836b8d156f0f5f9b7e6375bb04c52f21835ac19/src/test/resources/fixtures/tob-setups-guide.wikitext [exact SHA-256]
src/test/resources/fixtures/vorkath-strategies.wikitext,2f25e2c7817d1898f22cbfd50b20994544bc9c6e305dd5ac9159f5220353b85f,948742cd0026792e3150ed76f7b1ff20707a07ff,wiki-content,separate-content-license,test-only,"Wiki content, CC BY-NC-SA 3.0 per NOTICE; not BSD code. Test-only, but present in source export.",https://github.com/Jiimbones/wiki-gear-setups/blob/e836b8d156f0f5f9b7e6375bb04c52f21835ac19/src/test/resources/fixtures/vorkath-strategies.wikitext [exact SHA-256]
src/test/resources/fixtures/zulrah-page.wikitext,ac0c8833f6cbfd083a47211e8b91b5d2d19b7be45be6647a2f735e8621ee47c9,948742cd0026792e3150ed76f7b1ff20707a07ff,wiki-content,separate-content-license,test-only,"Wiki content, CC BY-NC-SA 3.0 per NOTICE; not BSD code. Test-only, but present in source export.",https://github.com/Jiimbones/wiki-gear-setups/blob/e836b8d156f0f5f9b7e6375bb04c52f21835ac19/src/test/resources/fixtures/zulrah-page.wikitext [exact SHA-256]
src/test/resources/fixtures/zulrah-strategies.wikitext,d2f3ed0e05ba4b2ea55cda164a461b5ee6be1f54e8658c0ac6c8c0ba59478bad,948742cd0026792e3150ed76f7b1ff20707a07ff,wiki-content,separate-content-license,test-only,"Wiki content, CC BY-NC-SA 3.0 per NOTICE; not BSD code. Test-only, but present in source export.",https://github.com/Jiimbones/wiki-gear-setups/blob/e836b8d156f0f5f9b7e6375bb04c52f21835ac19/src/test/resources/fixtures/zulrah-strategies.wikitext [exact SHA-256]
tools/.gitignore,32dae3052f331ee34d628ef535709b301259a45df7c7522c4d35dcf49873f00b,4b80d5cd5e0d875b7cefa554bd9192f5d8961627,local-candidate,review-and-adapt,source/build,Local history; absence of an archive match is not proof of independent authorship.,
tools/boss-catalog.json,8a334f45ec855b9995c2824c6b99e66ef6c7e8c8e74eea8ba69ff62da079d6ce,4b80d5cd5e0d875b7cefa554bd9192f5d8961627,fact-table-review,rebuild-with-provenance,source/build,Locally assembled Wiki facts per NOTICE; document independent collection/schema.,
tools/fetch-boss-wiki.py,22573f183b0d600b77eb0bd6be101ae54fce4bd0c8f13b0ccf75004cf220bc7a,4b80d5cd5e0d875b7cefa554bd9192f5d8961627,local-candidate,review-and-adapt,source/build,Local history; absence of an archive match is not proof of independent authorship.,
